Country,Year,LifeExpectancy,Status
Afghanistan,2015,65.0,Developing
Afghanistan,2014,59.9,Developing
Afghanistan,2013,59.9,Developing
Afghanistan,2012,59.5,Developing
Afghanistan,2011,59.2,Developing
Afghanistan,2010,58.8,Developing
Afghanistan,2009,58.6,Developing
Afghanistan,2008,58.1,Developing
Afghanistan,2007,57.5,Developing
Afghanistan,2006,57.3,Developing
Afghanistan,2005,57.3,Developing
Afghanistan,2004,57.0,Developing
Afghanistan,2003,56.7,Developing
Afghanistan,2002,56.2,Developing
Afghanistan,2001,55.3,Developing
Afghanistan,2000,54.8,Developing
Albania,2015,77.8,Developing
Albania,2014,77.5,Developing
Albania,2013,77.2,Developing
Albania,2012,76.9,Developing
Albania,2011,76.6,Developing
Albania,2010,76.2,Developing
Albania,2009,76.1,Developing
Albania,2008,75.3,Developing
Albania,2007,75.9,Developing
Albania,2006,74.2,Developing
Albania,2005,73.5,Developing
Albania,2004,73.0,Developing
Albania,2003,72.8,Developing
Albania,2002,73.3,Developing
Albania,2001,73.6,Developing
Albania,2000,72.6,Developing
Algeria,2015,75.6,Developing
Algeria,2014,75.4,Developing
Algeria,2013,75.3,Developing
Algeria,2012,75.1,Developing
Algeria,2011,74.9,Developing
Algeria,2010,74.7,Developing
Algeria,2009,74.4,Developing
Algeria,2008,74.1,Developing
Algeria,2007,73.8,Developing
Algeria,2006,73.4,Developing
Algeria,2005,72.9,Developing
Algeria,2004,72.3,Developing
Algeria,2003,71.7,Developing
Algeria,2002,71.6,Developing
Algeria,2001,71.4,Developing
Algeria,2000,71.3,Developing
Angola,2015,52.4,Developing
Angola,2014,51.7,Developing
Angola,2013,51.1,Developing
Angola,2012,56.0,Developing
Angola,2011,51.0,Developing
Angola,2010,49.6,Developing
Angola,2009,49.1,Developing
Angola,2008,48.7,Developing
Angola,2007,48.2,Developing
Angola,2006,47.7,Developing
Angola,2005,47.4,Developing
Angola,2004,47.1,Developing
Angola,2003,46.8,Developing
Angola,2002,46.5,Developing
Angola,2001,45.7,Developing
Angola,2000,45.3,Developing
Antigua and Barbuda,2015,76.4,Developing
Antigua and Barbuda,2014,76.2,Developing
Antigua and Barbuda,2013,76.1,Developing
Antigua and Barbuda,2012,75.9,Developing
Antigua and Barbuda,2011,75.7,Developing
Antigua and Barbuda,2010,75.6,Developing
Antigua and Barbuda,2009,75.4,Developing
Antigua and Barbuda,2008,75.2,Developing
Antigua and Barbuda,2007,75.0,Developing
Antigua and Barbuda,2006,74.8,Developing
Antigua and Barbuda,2005,74.6,Developing
Antigua and Barbuda,2004,74.4,Developing
Antigua and Barbuda,2003,74.2,Developing
Antigua and Barbuda,2002,74.0,Developing
Antigua and Barbuda,2001,73.8,Developing
Antigua and Barbuda,2000,73.6,Developing
Argentina,2015,76.3,Developing
Argentina,2014,76.2,Developing
Argentina,2013,76.0,Developing
Argentina,2012,75.9,Developing
Argentina,2011,75.7,Developing
Argentina,2010,75.5,Developing
Argentina,2009,75.6,Developing
Argentina,2008,75.4,Developing
Argentina,2007,74.8,Developing
Argentina,2006,75.2,Developing
Argentina,2005,74.9,Developing
Argentina,2004,74.7,Developing
Argentina,2003,74.1,Developing
Argentina,2002,74.1,Developing
Argentina,2001,74.0,Developing
Argentina,2000,74.1,Developing
Armenia,2015,74.8,Developing
Armenia,2014,74.6,Developing
Armenia,2013,74.4,Developing
Armenia,2012,74.4,Developing
Armenia,2011,73.9,Developing
Armenia,2010,73.5,Developing
Armenia,2009,73.3,Developing
Armenia,2008,73.2,Developing
Armenia,2007,73.5,Developing
Armenia,2006,72.9,Developing
Armenia,2005,73.0,Developing
Armenia,2004,73.0,Developing
Armenia,2003,72.7,Developing
Armenia,2002,72.6,Developing
Armenia,2001,72.6,Developing
Armenia,2000,72.0,Developing
Australia,2015,82.8,Developed
Australia,2014,82.7,Developed
Australia,2013,82.5,Developed
Australia,2012,82.3,Developed
Australia,2011,82.0,Developed
Australia,2010,81.9,Developed
Australia,2009,81.7,Developed
Australia,2008,81.3,Developed
Australia,2007,81.3,Developed
Australia,2006,81.2,Developed
Australia,2005,81.0,Developed
Australia,2004,86.0,Developed
Australia,2003,83.0,Developed
Australia,2002,79.9,Developed
Australia,2001,79.9,Developed
Australia,2000,79.5,Developed
Austria,2015,81.5,Developed
Austria,2014,81.4,Developed
Austria,2013,81.1,Developed
Austria,2012,88.0,Developed
Austria,2011,88.0,Developed
Austria,2010,84.0,Developed
Austria,2009,82.0,Developed
Austria,2008,84.0,Developed
Austria,2007,81.0,Developed
Austria,2006,79.8,Developed
Austria,2005,79.4,Developed
Austria,2004,79.3,Developed
Austria,2003,78.8,Developed
Austria,2002,78.7,Developed
Austria,2001,78.6,Developed
Austria,2000,78.1,Developed
Azerbaijan,2015,72.7,Developing
Azerbaijan,2014,72.5,Developing
Azerbaijan,2013,72.2,Developing
Azerbaijan,2012,71.9,Developing
Azerbaijan,2011,71.6,Developing
Azerbaijan,2010,71.1,Developing
Azerbaijan,2009,78.0,Developing
Azerbaijan,2008,73.0,Developing
Azerbaijan,2007,73.0,Developing
Azerbaijan,2006,69.2,Developing
Azerbaijan,2005,68.4,Developing
Azerbaijan,2004,68.4,Developing
Azerbaijan,2003,67.8,Developing
Azerbaijan,2002,67.8,Developing
Azerbaijan,2001,67.5,Developing
Azerbaijan,2000,66.6,Developing
Bahamas,2015,76.1,Developing
Bahamas,2014,75.4,Developing
Bahamas,2013,74.8,Developing
Bahamas,2012,74.9,Developing
Bahamas,2011,75.0,Developing
Bahamas,2010,75.0,Developing
Bahamas,2009,74.6,Developing
Bahamas,2008,74.5,Developing
Bahamas,2007,74.4,Developing
Bahamas,2006,74.2,Developing
Bahamas,2005,74.1,Developing
Bahamas,2004,73.8,Developing
Bahamas,2003,73.2,Developing
Bahamas,2002,73.1,Developing
Bahamas,2001,72.9,Developing
Bahamas,2000,72.6,Developing
Bahrain,2015,76.9,Developing
Bahrain,2014,76.8,Developing
Bahrain,2013,76.7,Developing
Bahrain,2012,76.5,Developing
Bahrain,2011,76.1,Developing
Bahrain,2010,76.1,Developing
Bahrain,2009,76.0,Developing
Bahrain,2008,75.8,Developing
Bahrain,2007,75.6,Developing
Bahrain,2006,75.5,Developing
Bahrain,2005,75.3,Developing
Bahrain,2004,75.2,Developing
Bahrain,2003,75.0,Developing
Bahrain,2002,74.9,Developing
Bahrain,2001,74.7,Developing
Bahrain,2000,74.5,Developing
Bangladesh,2015,71.8,Developing
Bangladesh,2014,71.4,Developing
Bangladesh,2013,71.0,Developing
Bangladesh,2012,77.0,Developing
Bangladesh,2011,73.0,Developing
Bangladesh,2010,69.9,Developing
Bangladesh,2009,69.5,Developing
Bangladesh,2008,69.1,Developing
Bangladesh,2007,68.6,Developing
Bangladesh,2006,68.2,Developing
Bangladesh,2005,67.8,Developing
Bangladesh,2004,67.3,Developing
Bangladesh,2003,66.8,Developing
Bangladesh,2002,66.3,Developing
Bangladesh,2001,65.8,Developing
Bangladesh,2000,65.3,Developing
Barbados,2015,75.5,Developing
Barbados,2014,75.4,Developing
Barbados,2013,75.2,Developing
Barbados,2012,75.1,Developing
Barbados,2011,74.9,Developing
Barbados,2010,74.7,Developing
Barbados,2009,74.6,Developing
Barbados,2008,74.4,Developing
Barbados,2007,74.2,Developing
Barbados,2006,74.1,Developing
Barbados,2005,73.9,Developing
Barbados,2004,73.8,Developing
Barbados,2003,73.7,Developing
Barbados,2002,73.5,Developing
Barbados,2001,73.4,Developing
Barbados,2000,73.3,Developing
Belarus,2015,72.3,Developing
Belarus,2014,72.0,Developing
Belarus,2013,71.7,Developing
Belarus,2012,71.9,Developing
Belarus,2011,72.0,Developing
Belarus,2010,73.0,Developing
Belarus,2009,70.0,Developing
Belarus,2008,70.0,Developing
Belarus,2007,69.8,Developing
Belarus,2006,68.9,Developing
Belarus,2005,68.1,Developing
Belarus,2004,68.2,Developing
Belarus,2003,67.7,Developing
Belarus,2002,67.2,Developing
Belarus,2001,67.7,Developing
Belarus,2000,68.0,Developing
Belgium,2015,81.1,Developed
Belgium,2014,89.0,Developed
Belgium,2013,87.0,Developed
Belgium,2012,83.0,Developed
Belgium,2011,83.0,Developed
Belgium,2010,80.0,Developed
Belgium,2009,79.8,Developed
Belgium,2008,79.5,Developed
Belgium,2007,79.5,Developed
Belgium,2006,79.4,Developed
Belgium,2005,78.9,Developed
Belgium,2004,78.8,Developed
Belgium,2003,78.3,Developed
Belgium,2002,78.0,Developed
Belgium,2001,78.0,Developed
Belgium,2000,77.6,Developed
Belize,2015,71.0,Developing
Belize,2014,70.0,Developing
Belize,2013,69.8,Developing
Belize,2012,69.4,Developing
Belize,2011,69.4,Developing
Belize,2010,69.5,Developing
Belize,2009,69.5,Developing
Belize,2008,69.6,Developing
Belize,2007,69.6,Developing
Belize,2006,69.4,Developing
Belize,2005,69.0,Developing
Belize,2004,68.7,Developing
Belize,2003,68.4,Developing
Belize,2002,68.5,Developing
Belize,2001,68.2,Developing
Belize,2000,68.3,Developing
Benin,2015,60.0,Developing
Benin,2014,59.7,Developing
Benin,2013,59.5,Developing
Benin,2012,59.3,Developing
Benin,2011,59.1,Developing
Benin,2010,58.7,Developing
Benin,2009,58.4,Developing
Benin,2008,57.6,Developing
Benin,2007,57.1,Developing
Benin,2006,56.8,Developing
Benin,2005,56.5,Developing
Benin,2004,56.1,Developing
Benin,2003,55.8,Developing
Benin,2002,55.6,Developing
Benin,2001,55.5,Developing
Benin,2000,55.4,Developing
Bhutan,2015,69.8,Developing
Bhutan,2014,69.4,Developing
Bhutan,2013,69.1,Developing
Bhutan,2012,68.7,Developing
Bhutan,2011,68.3,Developing
Bhutan,2010,67.9,Developing
Bhutan,2009,67.4,Developing
Bhutan,2008,67.0,Developing
Bhutan,2007,66.5,Developing
Bhutan,2006,65.8,Developing
Bhutan,2005,65.0,Developing
Bhutan,2004,64.2,Developing
Bhutan,2003,63.3,Developing
Bhutan,2002,62.5,Developing
Bhutan,2001,61.7,Developing
Bhutan,2000,62.0,Developing
Bolivia (Plurinational State of),2015,77.0,Developing
Bolivia (Plurinational State of),2014,74.0,Developing
Bolivia (Plurinational State of),2013,71.0,Developing
Bolivia (Plurinational State of),2012,69.8,Developing
Bolivia (Plurinational State of),2011,69.3,Developing
Bolivia (Plurinational State of),2010,68.7,Developing
Bolivia (Plurinational State of),2009,68.0,Developing
Bolivia (Plurinational State of),2008,67.4,Developing
Bolivia (Plurinational State of),2007,66.8,Developing
Bolivia (Plurinational State of),2006,66.2,Developing
Bolivia (Plurinational State of),2005,65.7,Developing
Bolivia (Plurinational State of),2004,65.1,Developing
Bolivia (Plurinational State of),2003,64.5,Developing
Bolivia (Plurinational State of),2002,63.9,Developing
Bolivia (Plurinational State of),2001,63.3,Developing
Bolivia (Plurinational State of),2000,62.6,Developing
Bosnia and Herzegovina,2015,77.4,Developing
Bosnia and Herzegovina,2014,77.2,Developing
Bosnia and Herzegovina,2013,77.0,Developing
Bosnia and Herzegovina,2012,76.8,Developing
Bosnia and Herzegovina,2011,76.9,Developing
Bosnia and Herzegovina,2010,76.4,Developing
Bosnia and Herzegovina,2009,76.1,Developing
Bosnia and Herzegovina,2008,76.0,Developing
Bosnia and Herzegovina,2007,75.4,Developing
Bosnia and Herzegovina,2006,75.7,Developing
Bosnia and Herzegovina,2005,75.0,Developing
Bosnia and Herzegovina,2004,75.5,Developing
Bosnia and Herzegovina,2003,75.2,Developing
Bosnia and Herzegovina,2002,75.4,Developing
Bosnia and Herzegovina,2001,74.9,Developing
Bosnia and Herzegovina,2000,74.6,Developing
Botswana,2015,65.7,Developing
Botswana,2014,65.1,Developing
Botswana,2013,64.2,Developing
Botswana,2012,63.4,Developing
Botswana,2011,62.2,Developing
Botswana,2010,61.1,Developing
Botswana,2009,59.2,Developing
Botswana,2008,57.5,Developing
Botswana,2007,56.9,Developing
Botswana,2006,54.8,Developing
Botswana,2005,51.7,Developing
Botswana,2004,48.1,Developing
Botswana,2003,46.4,Developing
Botswana,2002,46.0,Developing
Botswana,2001,46.7,Developing
Botswana,2000,47.8,Developing
Brazil,2015,75.0,Developing
Brazil,2014,74.8,Developing
Brazil,2013,74.7,Developing
Brazil,2012,74.5,Developing
Brazil,2011,74.1,Developing
Brazil,2010,73.8,Developing
Brazil,2009,73.6,Developing
Brazil,2008,73.4,Developing
Brazil,2007,73.3,Developing
Brazil,2006,73.0,Developing
Brazil,2005,72.7,Developing
Brazil,2004,72.0,Developing
Brazil,2003,71.8,Developing
Brazil,2002,71.4,Developing
Brazil,2001,71.0,Developing
Brazil,2000,75.0,Developing
Brunei Darussalam,2015,77.7,Developing
Brunei Darussalam,2014,77.6,Developing
Brunei Darussalam,2013,77.1,Developing
Brunei Darussalam,2012,78.3,Developing
Brunei Darussalam,2011,77.4,Developing
Brunei Darussalam,2010,76.9,Developing
Brunei Darussalam,2009,76.8,Developing
Brunei Darussalam,2008,77.2,Developing
Brunei Darussalam,2007,76.0,Developing
Brunei Darussalam,2006,76.3,Developing
Brunei Darussalam,2005,76.2,Developing
Brunei Darussalam,2004,76.4,Developing
Brunei Darussalam,2003,76.0,Developing
Brunei Darussalam,2002,74.8,Developing
Brunei Darussalam,2001,74.7,Developing
Brunei Darussalam,2000,74.4,Developing
Bulgaria,2015,74.5,Developed
Bulgaria,2014,74.3,Developed
Bulgaria,2013,74.1,Developed
Bulgaria,2012,73.9,Developed
Bulgaria,2011,73.7,Developed
Bulgaria,2010,73.4,Developed
Bulgaria,2009,73.2,Developed
Bulgaria,2008,72.9,Developed
Bulgaria,2007,72.6,Developed
Bulgaria,2006,72.2,Developed
Bulgaria,2005,72.1,Developed
Bulgaria,2004,72.2,Developed
Bulgaria,2003,72.0,Developed
Bulgaria,2002,71.8,Developed
Bulgaria,2001,71.6,Developed
Bulgaria,2000,71.1,Developed
Burkina Faso,2015,59.9,Developing
Burkina Faso,2014,59.3,Developing
Burkina Faso,2013,59.0,Developing
Burkina Faso,2012,58.6,Developing
Burkina Faso,2011,58.1,Developing
Burkina Faso,2010,57.5,Developing
Burkina Faso,2009,56.9,Developing
Burkina Faso,2008,56.1,Developing
Burkina Faso,2007,55.3,Developing
Burkina Faso,2006,54.3,Developing
Burkina Faso,2005,53.3,Developing
Burkina Faso,2004,52.4,Developing
Burkina Faso,2003,51.6,Developing
Burkina Faso,2002,51.0,Developing
Burkina Faso,2001,56.0,Developing
Burkina Faso,2000,51.0,Developing
Burundi,2015,59.6,Developing
Burundi,2014,59.1,Developing
Burundi,2013,58.6,Developing
Burundi,2012,58.0,Developing
Burundi,2011,57.4,Developing
Burundi,2010,56.8,Developing
Burundi,2009,56.2,Developing
Burundi,2008,55.3,Developing
Burundi,2007,54.8,Developing
Burundi,2006,54.1,Developing
Burundi,2005,53.4,Developing
Burundi,2004,52.6,Developing
Burundi,2003,51.9,Developing
Burundi,2002,51.5,Developing
Burundi,2001,51.3,Developing
Burundi,2000,58.0,Developing
Côte d'Ivoire,2015,53.3,Developing
Côte d'Ivoire,2014,52.8,Developing
Côte d'Ivoire,2013,52.3,Developing
Côte d'Ivoire,2012,52.0,Developing
Côte d'Ivoire,2011,51.7,Developing
Côte d'Ivoire,2010,51.5,Developing
Côte d'Ivoire,2009,51.0,Developing
Côte d'Ivoire,2008,54.0,Developing
Côte d'Ivoire,2007,49.9,Developing
Côte d'Ivoire,2006,49.4,Developing
Côte d'Ivoire,2005,48.7,Developing
Côte d'Ivoire,2004,48.2,Developing
Côte d'Ivoire,2003,48.0,Developing
Côte d'Ivoire,2002,47.7,Developing
Côte d'Ivoire,2001,47.8,Developing
Côte d'Ivoire,2000,47.9,Developing
Cabo Verde,2015,73.3,Developing
Cabo Verde,2014,73.0,Developing
Cabo Verde,2013,72.8,Developing
Cabo Verde,2012,72.7,Developing
Cabo Verde,2011,72.6,Developing
Cabo Verde,2010,72.5,Developing
Cabo Verde,2009,72.4,Developing
Cabo Verde,2008,72.4,Developing
Cabo Verde,2007,72.3,Developing
Cabo Verde,2006,72.1,Developing
Cabo Verde,2005,71.8,Developing
Cabo Verde,2004,71.4,Developing
Cabo Verde,2003,71.1,Developing
Cabo Verde,2002,77.0,Developing
Cabo Verde,2001,73.0,Developing
Cabo Verde,2000,69.9,Developing
Cambodia,2015,68.7,Developing
Cambodia,2014,68.3,Developing
Cambodia,2013,67.8,Developing
Cambodia,2012,67.4,Developing
Cambodia,2011,67.0,Developing
Cambodia,2010,66.6,Developing
Cambodia,2009,66.1,Developing
Cambodia,2008,65.6,Developing
Cambodia,2007,65.0,Developing
Cambodia,2006,64.1,Developing
Cambodia,2005,62.9,Developing
Cambodia,2004,61.5,Developing
Cambodia,2003,63.0,Developing
Cambodia,2002,59.3,Developing
Cambodia,2001,58.5,Developing
Cambodia,2000,57.7,Developing
Cameroon,2015,57.3,Developing
Cameroon,2014,56.7,Developing
Cameroon,2013,56.4,Developing
Cameroon,2012,55.9,Developing
Cameroon,2011,55.6,Developing
Cameroon,2010,55.3,Developing
Cameroon,2009,54.8,Developing
Cameroon,2008,54.2,Developing
Cameroon,2007,53.6,Developing
Cameroon,2006,53.3,Developing
Cameroon,2005,52.8,Developing
Cameroon,2004,52.1,Developing
Cameroon,2003,51.8,Developing
Cameroon,2002,51.6,Developing
Cameroon,2001,51.5,Developing
Cameroon,2000,51.4,Developing
Canada,2015,82.2,Developing
Canada,2014,82.0,Developing
Canada,2013,81.8,Developing
Canada,2012,81.6,Developing
Canada,2011,81.5,Developing
Canada,2010,81.2,Developing
Canada,2009,81.0,Developing
Canada,2008,87.0,Developing
Canada,2007,85.0,Developing
Canada,2006,85.0,Developing
Canada,2005,81.0,Developing
Canada,2004,80.0,Developing
Canada,2003,79.7,Developing
Canada,2002,79.5,Developing
Canada,2001,79.4,Developing
Canada,2000,79.1,Developing
Central African Republic,2015,52.5,Developing
Central African Republic,2014,58.0,Developing
Central African Republic,2013,49.9,Developing
Central African Republic,2012,53.0,Developing
Central African Republic,2011,49.8,Developing
Central African Republic,2010,49.2,Developing
Central African Republic,2009,48.6,Developing
Central African Republic,2008,47.6,Developing
Central African Republic,2007,46.8,Developing
Central African Republic,2006,46.3,Developing
Central African Republic,2005,45.9,Developing
Central African Republic,2004,45.7,Developing
Central African Republic,2003,45.7,Developing
Central African Republic,2002,45.6,Developing
Central African Republic,2001,45.6,Developing
Central African Republic,2000,46.0,Developing
Chad,2015,53.1,Developing
Chad,2014,52.6,Developing
Chad,2013,52.2,Developing
Chad,2012,51.8,Developing
Chad,2011,51.6,Developing
Chad,2010,51.2,Developing
Chad,2009,57.0,Developing
Chad,2008,49.6,Developing
Chad,2007,49.4,Developing
Chad,2006,48.5,Developing
Chad,2005,48.6,Developing
Chad,2004,48.5,Developing
Chad,2003,48.4,Developing
Chad,2002,48.1,Developing
Chad,2001,48.0,Developing
Chad,2000,47.6,Developing
Chile,2015,85.0,Developing
Chile,2014,83.0,Developing
Chile,2013,81.0,Developing
Chile,2012,79.9,Developing
Chile,2011,79.8,Developing
Chile,2010,79.1,Developing
Chile,2009,79.3,Developing
Chile,2008,79.6,Developing
Chile,2007,78.9,Developing
Chile,2006,78.9,Developing
Chile,2005,78.4,Developing
Chile,2004,78.0,Developing
Chile,2003,77.9,Developing
Chile,2002,77.8,Developing
Chile,2001,77.3,Developing
Chile,2000,77.3,Developing
China,2015,76.1,Developing
China,2014,75.8,Developing
China,2013,75.6,Developing
China,2012,75.4,Developing
China,2011,75.2,Developing
China,2010,75.0,Developing
China,2009,74.9,Developing
China,2008,74.5,Developing
China,2007,74.4,Developing
China,2006,74.2,Developing
China,2005,73.9,Developing
China,2004,73.5,Developing
China,2003,73.1,Developing
China,2002,72.7,Developing
China,2001,72.2,Developing
China,2000,71.7,Developing
Colombia,2015,74.8,Developing
Colombia,2014,74.6,Developing
Colombia,2013,74.4,Developing
Colombia,2012,74.3,Developing
Colombia,2011,74.2,Developing
Colombia,2010,73.6,Developing
Colombia,2009,73.6,Developing
Colombia,2008,73.5,Developing
Colombia,2007,73.5,Developing
Colombia,2006,73.1,Developing
Colombia,2005,73.1,Developing
Colombia,2004,72.8,Developing
Colombia,2003,72.4,Developing
Colombia,2002,71.8,Developing
Colombia,2001,71.5,Developing
Colombia,2000,71.4,Developing
Comoros,2015,63.5,Developing
Comoros,2014,63.2,Developing
Comoros,2013,62.9,Developing
Comoros,2012,62.5,Developing
Comoros,2011,62.2,Developing
Comoros,2010,61.8,Developing
Comoros,2009,61.3,Developing
Comoros,2008,61.0,Developing
Comoros,2007,66.0,Developing
Comoros,2006,63.0,Developing
Comoros,2005,60.0,Developing
Comoros,2004,59.8,Developing
Comoros,2003,59.6,Developing
Comoros,2002,59.5,Developing
Comoros,2001,59.5,Developing
Comoros,2000,59.5,Developing
Congo,2015,64.7,Developing
Congo,2014,64.2,Developing
Congo,2013,63.9,Developing
Congo,2012,63.7,Developing
Congo,2011,62.9,Developing
Congo,2010,62.0,Developing
Congo,2009,68.0,Developing
Congo,2008,59.4,Developing
Congo,2007,58.2,Developing
Congo,2006,56.9,Developing
Congo,2005,55.3,Developing
Congo,2004,54.1,Developing
Congo,2003,53.2,Developing
Congo,2002,52.6,Developing
Congo,2001,52.7,Developing
Congo,2000,52.9,Developing
Costa Rica,2015,79.6,Developing
Costa Rica,2014,79.5,Developing
Costa Rica,2013,79.4,Developing
Costa Rica,2012,79.2,Developing
Costa Rica,2011,79.0,Developing
Costa Rica,2010,78.1,Developing
Costa Rica,2009,79.2,Developing
Costa Rica,2008,78.9,Developing
Costa Rica,2007,78.9,Developing
Costa Rica,2006,78.0,Developing
Costa Rica,2005,78.6,Developing
Costa Rica,2004,77.7,Developing
Costa Rica,2003,78.0,Developing
Costa Rica,2002,78.3,Developing
Costa Rica,2001,77.5,Developing
Costa Rica,2000,77.6,Developing
Croatia,2015,78.0,Developed
Croatia,2014,77.8,Developed
Croatia,2013,77.7,Developed
Croatia,2012,77.1,Developed
Croatia,2011,77.0,Developed
Croatia,2010,76.6,Developed
Croatia,2009,76.3,Developed
Croatia,2008,76.0,Developed
Croatia,2007,75.8,Developed
Croatia,2006,75.9,Developed
Croatia,2005,75.2,Developed
Croatia,2004,75.4,Developed
Croatia,2003,74.7,Developed
Croatia,2002,74.8,Developed
Croatia,2001,74.9,Developed
Croatia,2000,74.7,Developed
Cuba,2015,79.1,Developing
Cuba,2014,79.0,Developing
Cuba,2013,78.7,Developing
Cuba,2012,78.7,Developing
Cuba,2011,78.8,Developing
Cuba,2010,78.0,Developing
Cuba,2009,78.1,Developing
Cuba,2008,77.9,Developing
Cuba,2007,78.1,Developing
Cuba,2006,78.0,Developing
Cuba,2005,77.2,Developing
Cuba,2004,77.3,Developing
Cuba,2003,77.4,Developing
Cuba,2002,77.7,Developing
Cuba,2001,76.7,Developing
Cuba,2000,76.9,Developing
Cyprus,2015,85.0,Developed
Cyprus,2014,83.0,Developed
Cyprus,2013,81.0,Developed
Cyprus,2012,80.0,Developed
Cyprus,2011,79.7,Developed
Cyprus,2010,79.5,Developed
Cyprus,2009,79.3,Developed
Cyprus,2008,79.1,Developed
Cyprus,2007,78.9,Developed
Cyprus,2006,78.8,Developed
Cyprus,2005,78.7,Developed
Cyprus,2004,78.6,Developed
Cyprus,2003,78.5,Developed
Cyprus,2002,78.4,Developed
Cyprus,2001,78.2,Developed
Cyprus,2000,78.1,Developed
Czechia,2015,78.8,Developed
Czechia,2014,78.6,Developed
Czechia,2013,78.2,Developed
Czechia,2012,78.0,Developed
Czechia,2011,77.8,Developed
Czechia,2010,77.5,Developed
Czechia,2009,77.1,Developed
Czechia,2008,77.0,Developed
Czechia,2007,76.8,Developed
Czechia,2006,76.5,Developed
Czechia,2005,75.9,Developed
Czechia,2004,75.8,Developed
Czechia,2003,75.2,Developed
Czechia,2002,75.3,Developed
Czechia,2001,75.1,Developed
Czechia,2000,74.7,Developed
Democratic People's Republic of Korea,2015,76.0,Developing
Democratic People's Republic of Korea,2014,73.0,Developing
Democratic People's Republic of Korea,2013,71.0,Developing
Democratic People's Republic of Korea,2012,69.8,Developing
Democratic People's Republic of Korea,2011,69.4,Developing
Democratic People's Republic of Korea,2010,69.0,Developing
Democratic People's Republic of Korea,2009,68.7,Developing
Democratic People's Republic of Korea,2008,68.6,Developing
Democratic People's Republic of Korea,2007,68.5,Developing
Democratic People's Republic of Korea,2006,68.5,Developing
Democratic People's Republic of Korea,2005,68.5,Developing
Democratic People's Republic of Korea,2004,68.4,Developing
Democratic People's Republic of Korea,2003,68.1,Developing
Democratic People's Republic of Korea,2002,67.6,Developing
Democratic People's Republic of Korea,2001,66.6,Developing
Democratic People's Republic of Korea,2000,65.4,Developing
Democratic Republic of the Congo,2015,59.8,Developing
Democratic Republic of the Congo,2014,59.3,Developing
Democratic Republic of the Congo,2013,58.8,Developing
Democratic Republic of the Congo,2012,58.3,Developing
Democratic Republic of the Congo,2011,57.9,Developing
Democratic Republic of the Congo,2010,57.4,Developing
Democratic Republic of the Congo,2009,56.7,Developing
Democratic Republic of the Congo,2008,56.3,Developing
Democratic Republic of the Congo,2007,55.7,Developing
Democratic Republic of the Congo,2006,55.0,Developing
Democratic Republic of the Congo,2005,54.3,Developing
Democratic Republic of the Congo,2004,53.5,Developing
Democratic Republic of the Congo,2003,52.8,Developing
Democratic Republic of the Congo,2002,52.1,Developing
Democratic Republic of the Congo,2001,51.8,Developing
Democratic Republic of the Congo,2000,51.3,Developing
Denmark,2015,86.0,Developed
Denmark,2014,84.0,Developed
Denmark,2013,81.0,Developed
Denmark,2012,80.0,Developed
Denmark,2011,79.7,Developed
Denmark,2010,79.2,Developed
Denmark,2009,78.9,Developed
Denmark,2008,78.8,Developed
Denmark,2007,78.4,Developed
Denmark,2006,78.1,Developed
Denmark,2005,78.1,Developed
Denmark,2004,77.7,Developed
Denmark,2003,77.3,Developed
Denmark,2002,77.0,Developed
Denmark,2001,77.0,Developed
Denmark,2000,76.9,Developed
Djibouti,2015,63.5,Developing
Djibouti,2014,63.0,Developing
Djibouti,2013,62.7,Developing
Djibouti,2012,62.2,Developing
Djibouti,2011,61.8,Developing
Djibouti,2010,61.3,Developing
Djibouti,2009,69.0,Developing
Djibouti,2008,62.0,Developing
Djibouti,2007,59.8,Developing
Djibouti,2006,59.1,Developing
Djibouti,2005,58.6,Developing
Djibouti,2004,58.1,Developing
Djibouti,2003,58.0,Developing
Djibouti,2002,57.9,Developing
Djibouti,2001,57.7,Developing
Djibouti,2000,57.4,Developing
Dominican Republic,2015,73.9,Developing
Dominican Republic,2014,73.6,Developing
Dominican Republic,2013,73.4,Developing
Dominican Republic,2012,72.1,Developing
Dominican Republic,2011,73.1,Developing
Dominican Republic,2010,72.7,Developing
Dominican Republic,2009,73.6,Developing
Dominican Republic,2008,73.3,Developing
Dominican Republic,2007,72.9,Developing
Dominican Republic,2006,72.3,Developing
Dominican Republic,2005,69.7,Developing
Dominican Republic,2004,69.3,Developing
Dominican Republic,2003,73.0,Developing
Dominican Republic,2002,71.4,Developing
Dominican Republic,2001,71.2,Developing
Dominican Republic,2000,72.0,Developing
Ecuador,2015,76.2,Developing
Ecuador,2014,76.0,Developing
Ecuador,2013,76.0,Developing
Ecuador,2012,75.5,Developing
Ecuador,2011,75.3,Developing
Ecuador,2010,75.0,Developing
Ecuador,2009,75.1,Developing
Ecuador,2008,74.6,Developing
Ecuador,2007,74.7,Developing
Ecuador,2006,74.4,Developing
Ecuador,2005,74.2,Developing
Ecuador,2004,74.4,Developing
Ecuador,2003,74.4,Developing
Ecuador,2002,73.6,Developing
Ecuador,2001,73.4,Developing
Ecuador,2000,72.8,Developing
Egypt,2015,79.0,Developing
Egypt,2014,78.0,Developing
Egypt,2013,79.0,Developing
Egypt,2012,72.0,Developing
Egypt,2011,74.0,Developing
Egypt,2010,70.0,Developing
Egypt,2009,69.9,Developing
Egypt,2008,69.8,Developing
Egypt,2007,69.7,Developing
Egypt,2006,69.5,Developing
Egypt,2005,69.4,Developing
Egypt,2004,69.0,Developing
Egypt,2003,68.6,Developing
Egypt,2002,68.7,Developing
Egypt,2001,68.6,Developing
Egypt,2000,68.8,Developing
El Salvador,2015,73.5,Developing
El Salvador,2014,73.3,Developing
El Salvador,2013,73.0,Developing
El Salvador,2012,73.0,Developing
El Salvador,2011,72.0,Developing
El Salvador,2010,72.0,Developing
El Salvador,2009,71.4,Developing
El Salvador,2008,71.7,Developing
El Salvador,2007,71.2,Developing
El Salvador,2006,75.0,Developing
El Salvador,2005,71.0,Developing
El Salvador,2004,70.0,Developing
El Salvador,2003,69.9,Developing
El Salvador,2002,73.0,Developing
El Salvador,2001,68.9,Developing
El Salvador,2000,69.0,Developing
Equatorial Guinea,2015,58.2,Developing
Equatorial Guinea,2014,57.9,Developing
Equatorial Guinea,2013,57.4,Developing
Equatorial Guinea,2012,56.7,Developing
Equatorial Guinea,2011,56.2,Developing
Equatorial Guinea,2010,56.1,Developing
Equatorial Guinea,2009,55.7,Developing
Equatorial Guinea,2008,55.4,Developing
Equatorial Guinea,2007,55.0,Developing
Equatorial Guinea,2006,54.8,Developing
Equatorial Guinea,2005,54.4,Developing
Equatorial Guinea,2004,54.1,Developing
Equatorial Guinea,2003,53.8,Developing
Equatorial Guinea,2002,53.5,Developing
Equatorial Guinea,2001,53.1,Developing
Equatorial Guinea,2000,52.7,Developing
Eritrea,2015,64.7,Developing
Eritrea,2014,64.4,Developing
Eritrea,2013,64.0,Developing
Eritrea,2012,63.6,Developing
Eritrea,2011,62.9,Developing
Eritrea,2010,62.1,Developing
Eritrea,2009,61.4,Developing
Eritrea,2008,67.0,Developing
Eritrea,2007,62.0,Developing
Eritrea,2006,59.7,Developing
Eritrea,2005,59.4,Developing
Eritrea,2004,59.1,Developing
Eritrea,2003,58.8,Developing
Eritrea,2002,58.5,Developing
Eritrea,2001,58.1,Developing
Eritrea,2000,45.3,Developing
Estonia,2015,77.6,Developing
Estonia,2014,77.3,Developing
Estonia,2013,76.9,Developing
Estonia,2012,76.3,Developing
Estonia,2011,76.1,Developing
Estonia,2010,75.6,Developing
Estonia,2009,74.9,Developing
Estonia,2008,74.2,Developing
Estonia,2007,73.0,Developing
Estonia,2006,73.0,Developing
Estonia,2005,72.8,Developing
Estonia,2004,72.3,Developing
Estonia,2003,71.9,Developing
Estonia,2002,71.2,Developing
Estonia,2001,78.0,Developing
Estonia,2000,78.0,Developing
Ethiopia,2015,64.8,Developing
Ethiopia,2014,64.2,Developing
Ethiopia,2013,63.7,Developing
Ethiopia,2012,63.3,Developing
Ethiopia,2011,62.6,Developing
Ethiopia,2010,61.8,Developing
Ethiopia,2009,68.0,Developing
Ethiopia,2008,59.8,Developing
Ethiopia,2007,58.5,Developing
Ethiopia,2006,57.2,Developing
Ethiopia,2005,56.0,Developing
Ethiopia,2004,55.0,Developing
Ethiopia,2003,54.0,Developing
Ethiopia,2002,53.2,Developing
Ethiopia,2001,52.5,Developing
Ethiopia,2000,51.2,Developing
Fiji,2015,69.9,Developing
Fiji,2014,69.7,Developing
Fiji,2013,69.6,Developing
Fiji,2012,69.4,Developing
Fiji,2011,69.2,Developing
Fiji,2010,69.1,Developing
Fiji,2009,68.9,Developing
Fiji,2008,68.7,Developing
Fiji,2007,68.6,Developing
Fiji,2006,68.5,Developing
Fiji,2005,68.3,Developing
Fiji,2004,68.1,Developing
Fiji,2003,68.0,Developing
Fiji,2002,67.9,Developing
Fiji,2001,67.8,Developing
Fiji,2000,67.7,Developing
Finland,2015,81.1,Developing
Finland,2014,89.0,Developing
Finland,2013,87.0,Developing
Finland,2012,84.0,Developing
Finland,2011,83.0,Developing
Finland,2010,79.9,Developing
Finland,2009,79.7,Developing
Finland,2008,79.6,Developing
Finland,2007,79.3,Developing
Finland,2006,79.2,Developing
Finland,2005,78.9,Developing
Finland,2004,78.7,Developing
Finland,2003,78.4,Developing
Finland,2002,78.1,Developing
Finland,2001,78.0,Developing
Finland,2000,77.5,Developing
France,2015,82.4,Developing
France,2014,82.2,Developing
France,2013,82.0,Developing
France,2012,81.5,Developing
France,2011,81.7,Developing
France,2010,81.3,Developing
France,2009,81.1,Developing
France,2008,89.0,Developing
France,2007,89.0,Developing
France,2006,86.0,Developing
France,2005,81.0,Developing
France,2004,82.0,Developing
France,2003,79.3,Developing
France,2002,79.2,Developing
France,2001,79.0,Developing
France,2000,78.8,Developing
Gabon,2015,66.0,Developing
Gabon,2014,65.5,Developing
Gabon,2013,64.6,Developing
Gabon,2012,63.5,Developing
Gabon,2011,62.8,Developing
Gabon,2010,62.3,Developing
Gabon,2009,61.7,Developing
Gabon,2008,61.6,Developing
Gabon,2007,61.6,Developing
Gabon,2006,61.4,Developing
Gabon,2005,65.0,Developing
Gabon,2004,59.7,Developing
Gabon,2003,59.7,Developing
Gabon,2002,59.7,Developing
Gabon,2001,59.8,Developing
Gabon,2000,61.0,Developing
Gambia,2015,61.1,Developing
Gambia,2014,68.0,Developing
Gambia,2013,66.0,Developing
Gambia,2012,62.0,Developing
Gambia,2011,59.8,Developing
Gambia,2010,59.3,Developing
Gambia,2009,59.0,Developing
Gambia,2008,58.7,Developing
Gambia,2007,58.5,Developing
Gambia,2006,58.2,Developing
Gambia,2005,57.7,Developing
Gambia,2004,57.3,Developing
Gambia,2003,57.0,Developing
Gambia,2002,56.6,Developing
Gambia,2001,56.3,Developing
Gambia,2000,55.9,Developing
Georgia,2015,74.4,Developing
Georgia,2014,74.5,Developing
Georgia,2013,74.5,Developing
Georgia,2012,74.2,Developing
Georgia,2011,73.9,Developing
Georgia,2010,73.8,Developing
Georgia,2009,73.2,Developing
Georgia,2008,73.9,Developing
Georgia,2007,74.4,Developing
Georgia,2006,73.9,Developing
Georgia,2005,73.9,Developing
Georgia,2004,72.3,Developing
Georgia,2003,72.7,Developing
Georgia,2002,71.7,Developing
Georgia,2001,73.0,Developing
Georgia,2000,71.8,Developing
Germany,2015,81.0,Developed
Germany,2014,89.0,Developed
Germany,2013,86.0,Developed
Germany,2012,86.0,Developed
Germany,2011,85.0,Developed
Germany,2010,81.0,Developed
Germany,2009,80.0,Developed
Germany,2008,79.9,Developed
Germany,2007,79.8,Developed
Germany,2006,79.6,Developed
Germany,2005,79.2,Developed
Germany,2004,79.1,Developed
Germany,2003,78.5,Developed
Germany,2002,78.4,Developed
Germany,2001,78.3,Developed
Germany,2000,78.0,Developed
Ghana,2015,62.4,Developing
Ghana,2014,62.1,Developing
Ghana,2013,61.9,Developing
Ghana,2012,61.6,Developing
Ghana,2011,61.2,Developing
Ghana,2010,69.0,Developing
Ghana,2009,66.0,Developing
Ghana,2008,63.0,Developing
Ghana,2007,59.9,Developing
Ghana,2006,59.4,Developing
Ghana,2005,58.9,Developing
Ghana,2004,58.3,Developing
Ghana,2003,57.9,Developing
Ghana,2002,57.6,Developing
Ghana,2001,57.4,Developing
Ghana,2000,57.2,Developing
Greece,2015,81.0,Developing
Greece,2014,88.0,Developing
Greece,2013,86.0,Developing
Greece,2012,84.0,Developing
Greece,2011,85.0,Developing
Greece,2010,83.0,Developing
Greece,2009,80.0,Developing
Greece,2008,79.9,Developing
Greece,2007,79.4,Developing
Greece,2006,79.7,Developing
Greece,2005,79.3,Developing
Greece,2004,79.2,Developing
Greece,2003,79.1,Developing
Greece,2002,79.0,Developing
Greece,2001,78.7,Developing
Greece,2000,78.2,Developing
Grenada,2015,73.6,Developing
Grenada,2014,73.5,Developing
Grenada,2013,73.3,Developing
Grenada,2012,73.1,Developing
Grenada,2011,72.9,Developing
Grenada,2010,72.6,Developing
Grenada,2009,72.4,Developing
Grenada,2008,72.1,Developing
Grenada,2007,71.9,Developing
Grenada,2006,71.7,Developing
Grenada,2005,71.5,Developing
Grenada,2004,73.0,Developing
Grenada,2003,71.1,Developing
Grenada,2002,79.0,Developing
Grenada,2001,77.0,Developing
Grenada,2000,74.0,Developing
Guatemala,2015,71.9,Developing
Guatemala,2014,71.7,Developing
Guatemala,2013,71.4,Developing
Guatemala,2012,71.3,Developing
Guatemala,2011,71.1,Developing
Guatemala,2010,77.0,Developing
Guatemala,2009,76.0,Developing
Guatemala,2008,79.0,Developing
Guatemala,2007,75.0,Developing
Guatemala,2006,69.7,Developing
Guatemala,2005,69.2,Developing
Guatemala,2004,69.6,Developing
Guatemala,2003,69.4,Developing
Guatemala,2002,69.3,Developing
Guatemala,2001,68.4,Developing
Guatemala,2000,67.7,Developing
Guinea,2015,59.0,Developing
Guinea,2014,58.1,Developing
Guinea,2013,58.8,Developing
Guinea,2012,58.4,Developing
Guinea,2011,58.1,Developing
Guinea,2010,57.8,Developing
Guinea,2009,57.3,Developing
Guinea,2008,56.8,Developing
Guinea,2007,56.4,Developing
Guinea,2006,55.6,Developing
Guinea,2005,54.7,Developing
Guinea,2004,54.0,Developing
Guinea,2003,53.3,Developing
Guinea,2002,52.9,Developing
Guinea,2001,52.5,Developing
Guinea,2000,52.5,Developing
Guinea-Bissau,2015,58.9,Developing
Guinea-Bissau,2014,58.4,Developing
Guinea-Bissau,2013,58.1,Developing
Guinea-Bissau,2012,57.6,Developing
Guinea-Bissau,2011,57.1,Developing
Guinea-Bissau,2010,56.7,Developing
Guinea-Bissau,2009,56.3,Developing
Guinea-Bissau,2008,55.6,Developing
Guinea-Bissau,2007,55.0,Developing
Guinea-Bissau,2006,54.4,Developing
Guinea-Bissau,2005,53.9,Developing
Guinea-Bissau,2004,53.5,Developing
Guinea-Bissau,2003,53.0,Developing
Guinea-Bissau,2002,52.8,Developing
Guinea-Bissau,2001,52.5,Developing
Guinea-Bissau,2000,52.1,Developing
Guyana,2015,66.2,Developing
Guyana,2014,66.0,Developing
Guyana,2013,65.9,Developing
Guyana,2012,65.8,Developing
Guyana,2011,65.6,Developing
Guyana,2010,65.9,Developing
Guyana,2009,66.1,Developing
Guyana,2008,66.3,Developing
Guyana,2007,65.7,Developing
Guyana,2006,65.2,Developing
Guyana,2005,65.0,Developing
Guyana,2004,65.1,Developing
Guyana,2003,65.3,Developing
Guyana,2002,65.3,Developing
Guyana,2001,65.4,Developing
Guyana,2000,65.4,Developing
Haiti,2015,63.5,Developing
Haiti,2014,63.1,Developing
Haiti,2013,62.7,Developing
Haiti,2012,62.3,Developing
Haiti,2011,62.3,Developing
Haiti,2010,36.3,Developing
Haiti,2009,62.5,Developing
Haiti,2008,62.1,Developing
Haiti,2007,61.8,Developing
Haiti,2006,61.1,Developing
Haiti,2005,65.0,Developing
Haiti,2004,58.7,Developing
Haiti,2003,59.7,Developing
Haiti,2002,59.3,Developing
Haiti,2001,58.9,Developing
Haiti,2000,58.6,Developing
Honduras,2015,74.6,Developing
Honduras,2014,74.5,Developing
Honduras,2013,74.3,Developing
Honduras,2012,74.1,Developing
Honduras,2011,73.9,Developing
Honduras,2010,73.6,Developing
Honduras,2009,73.4,Developing
Honduras,2008,73.2,Developing
Honduras,2007,73.0,Developing
Honduras,2006,72.8,Developing
Honduras,2005,72.5,Developing
Honduras,2004,72.2,Developing
Honduras,2003,71.9,Developing
Honduras,2002,71.6,Developing
Honduras,2001,71.3,Developing
Honduras,2000,71.0,Developing
Hungary,2015,75.8,Developed
Hungary,2014,75.6,Developed
Hungary,2013,75.5,Developed
Hungary,2012,75.0,Developed
Hungary,2011,74.8,Developed
Hungary,2010,74.5,Developed
Hungary,2009,74.2,Developed
Hungary,2008,74.1,Developed
Hungary,2007,73.5,Developed
Hungary,2006,73.4,Developed
Hungary,2005,72.9,Developed
Hungary,2004,72.9,Developed
Hungary,2003,72.5,Developed
Hungary,2002,72.5,Developed
Hungary,2001,72.3,Developed
Hungary,2000,71.7,Developed
Iceland,2015,82.7,Developed
Iceland,2014,82.5,Developed
Iceland,2013,82.4,Developed
Iceland,2012,82.5,Developed
Iceland,2011,82.1,Developed
Iceland,2010,81.8,Developed
Iceland,2009,81.6,Developed
Iceland,2008,81.4,Developed
Iceland,2007,81.3,Developed
Iceland,2006,81.1,Developed
Iceland,2005,81.0,Developed
Iceland,2004,88.0,Developed
Iceland,2003,87.0,Developed
Iceland,2002,84.0,Developed
Iceland,2001,80.0,Developed
Iceland,2000,79.7,Developed
India,2015,68.3,Developing
India,2014,68.0,Developing
India,2013,67.6,Developing
India,2012,67.3,Developing
India,2011,66.8,Developing
India,2010,66.4,Developing
India,2009,66.0,Developing
India,2008,65.5,Developing
India,2007,65.2,Developing
India,2006,64.8,Developing
India,2005,64.4,Developing
India,2004,64.0,Developing
India,2003,63.7,Developing
India,2002,63.3,Developing
India,2001,62.9,Developing
India,2000,62.5,Developing
Indonesia,2015,69.1,Developing
Indonesia,2014,68.9,Developing
Indonesia,2013,68.7,Developing
Indonesia,2012,68.5,Developing
Indonesia,2011,68.3,Developing
Indonesia,2010,68.1,Developing
Indonesia,2009,67.9,Developing
Indonesia,2008,67.7,Developing
Indonesia,2007,67.5,Developing
Indonesia,2006,67.3,Developing
Indonesia,2005,67.2,Developing
Indonesia,2004,65.3,Developing
Indonesia,2003,66.9,Developing
Indonesia,2002,66.7,Developing
Indonesia,2001,66.5,Developing
Indonesia,2000,66.3,Developing
Iran (Islamic Republic of),2015,75.5,Developing
Iran (Islamic Republic of),2014,75.4,Developing
Iran (Islamic Republic of),2013,75.3,Developing
Iran (Islamic Republic of),2012,75.1,Developing
Iran (Islamic Republic of),2011,74.7,Developing
Iran (Islamic Republic of),2010,74.1,Developing
Iran (Islamic Republic of),2009,73.3,Developing
Iran (Islamic Republic of),2008,72.7,Developing
Iran (Islamic Republic of),2007,72.4,Developing
Iran (Islamic Republic of),2006,72.2,Developing
Iran (Islamic Republic of),2005,72.0,Developing
Iran (Islamic Republic of),2004,71.8,Developing
Iran (Islamic Republic of),2003,75.0,Developing
Iran (Islamic Republic of),2002,71.2,Developing
Iran (Islamic Republic of),2001,78.0,Developing
Iran (Islamic Republic of),2000,73.0,Developing
Iraq,2015,68.9,Developing
Iraq,2014,67.9,Developing
Iraq,2013,69.5,Developing
Iraq,2012,76.0,Developing
Iraq,2011,77.0,Developing
Iraq,2010,76.0,Developing
Iraq,2009,74.0,Developing
Iraq,2008,69.3,Developing
Iraq,2007,65.9,Developing
Iraq,2006,64.7,Developing
Iraq,2005,66.8,Developing
Iraq,2004,67.2,Developing
Iraq,2003,66.5,Developing
Iraq,2002,74.0,Developing
Iraq,2001,72.0,Developing
Iraq,2000,70.0,Developing
Ireland,2015,81.4,Developed
Ireland,2014,81.2,Developed
Ireland,2013,81.0,Developed
Ireland,2012,85.0,Developed
Ireland,2011,84.0,Developed
Ireland,2010,86.0,Developed
Ireland,2009,79.7,Developed
Ireland,2008,79.8,Developed
Ireland,2007,79.5,Developed
Ireland,2006,79.0,Developed
Ireland,2005,78.7,Developed
Ireland,2004,78.3,Developed
Ireland,2003,78.0,Developed
Ireland,2002,77.4,Developed
Ireland,2001,77.0,Developed
Ireland,2000,76.4,Developed
Israel,2015,82.5,Developing
Israel,2014,82.2,Developing
Israel,2013,82.1,Developing
Israel,2012,81.8,Developing
Israel,2011,81.8,Developing
Israel,2010,81.7,Developing
Israel,2009,81.5,Developing
Israel,2008,81.0,Developing
Israel,2007,84.0,Developing
Israel,2006,84.0,Developing
Israel,2005,80.0,Developing
Israel,2004,81.0,Developing
Israel,2003,79.7,Developing
Israel,2002,79.3,Developing
Israel,2001,79.3,Developing
Israel,2000,78.9,Developing
Italy,2015,82.7,Developed
Italy,2014,82.5,Developed
Italy,2013,82.3,Developed
Italy,2012,82.0,Developed
Italy,2011,82.0,Developed
Italy,2010,81.8,Developed
Italy,2009,81.6,Developed
Italy,2008,81.5,Developed
Italy,2007,81.3,Developed
Italy,2006,81.2,Developed
Italy,2005,88.0,Developed
Italy,2004,89.0,Developed
Italy,2003,79.9,Developed
Italy,2002,80.0,Developed
Italy,2001,79.8,Developed
Italy,2000,79.4,Developed
Jamaica,2015,76.2,Developing
Jamaica,2014,75.8,Developing
Jamaica,2013,75.6,Developing
Jamaica,2012,75.3,Developing
Jamaica,2011,75.2,Developing
Jamaica,2010,75.0,Developing
Jamaica,2009,74.7,Developing
Jamaica,2008,74.5,Developing
Jamaica,2007,74.2,Developing
Jamaica,2006,74.0,Developing
Jamaica,2005,73.5,Developing
Jamaica,2004,73.3,Developing
Jamaica,2003,73.1,Developing
Jamaica,2002,73.0,Developing
Jamaica,2001,72.7,Developing
Jamaica,2000,72.6,Developing
Japan,2015,83.7,Developed
Japan,2014,83.5,Developed
Japan,2013,83.5,Developed
Japan,2012,83.3,Developed
Japan,2011,82.5,Developed
Japan,2010,83.0,Developed
Japan,2009,83.0,Developed
Japan,2008,82.7,Developed
Japan,2007,82.6,Developed
Japan,2006,82.4,Developed
Japan,2005,82.0,Developed
Japan,2004,82.1,Developed
Japan,2003,81.9,Developed
Japan,2002,81.8,Developed
Japan,2001,81.5,Developed
Japan,2000,81.1,Developed
Jordan,2015,74.1,Developing
Jordan,2014,74.0,Developing
Jordan,2013,73.9,Developing
Jordan,2012,73.7,Developing
Jordan,2011,73.6,Developing
Jordan,2010,73.4,Developing
Jordan,2009,73.3,Developing
Jordan,2008,73.1,Developing
Jordan,2007,73.0,Developing
Jordan,2006,72.8,Developing
Jordan,2005,72.4,Developing
Jordan,2004,72.5,Developing
Jordan,2003,72.3,Developing
Jordan,2002,72.1,Developing
Jordan,2001,71.9,Developing
Jordan,2000,71.7,Developing
Kazakhstan,2015,72.0,Developing
Kazakhstan,2014,69.9,Developing
Kazakhstan,2013,69.5,Developing
Kazakhstan,2012,69.1,Developing
Kazakhstan,2011,68.5,Developing
Kazakhstan,2010,67.8,Developing
Kazakhstan,2009,67.8,Developing
Kazakhstan,2008,66.6,Developing
Kazakhstan,2007,65.3,Developing
Kazakhstan,2006,65.0,Developing
Kazakhstan,2005,64.6,Developing
Kazakhstan,2004,64.7,Developing
Kazakhstan,2003,64.4,Developing
Kazakhstan,2002,64.7,Developing
Kazakhstan,2001,64.4,Developing
Kazakhstan,2000,63.9,Developing
Kenya,2015,63.4,Developing
Kenya,2014,62.9,Developing
Kenya,2013,62.6,Developing
Kenya,2012,62.1,Developing
Kenya,2011,61.2,Developing
Kenya,2010,63.0,Developing
Kenya,2009,59.1,Developing
Kenya,2008,57.9,Developing
Kenya,2007,56.8,Developing
Kenya,2006,55.3,Developing
Kenya,2005,54.1,Developing
Kenya,2004,53.0,Developing
Kenya,2003,52.4,Developing
Kenya,2002,52.1,Developing
Kenya,2001,51.9,Developing
Kenya,2000,51.9,Developing
Kiribati,2015,66.3,Developing
Kiribati,2014,66.1,Developing
Kiribati,2013,65.8,Developing
Kiribati,2012,65.7,Developing
Kiribati,2011,65.5,Developing
Kiribati,2010,65.3,Developing
Kiribati,2009,65.2,Developing
Kiribati,2008,65.1,Developing
Kiribati,2007,65.0,Developing
Kiribati,2006,65.0,Developing
Kiribati,2005,64.9,Developing
Kiribati,2004,64.8,Developing
Kiribati,2003,64.7,Developing
Kiribati,2002,64.6,Developing
Kiribati,2001,64.3,Developing
Kiribati,2000,64.1,Developing
Kuwait,2015,74.7,Developing
Kuwait,2014,74.6,Developing
Kuwait,2013,74.5,Developing
Kuwait,2012,74.3,Developing
Kuwait,2011,74.2,Developing
Kuwait,2010,74.0,Developing
Kuwait,2009,73.9,Developing
Kuwait,2008,73.8,Developing
Kuwait,2007,73.7,Developing
Kuwait,2006,73.6,Developing
Kuwait,2005,73.6,Developing
Kuwait,2004,73.5,Developing
Kuwait,2003,73.4,Developing
Kuwait,2002,73.3,Developing
Kuwait,2001,73.2,Developing
Kuwait,2000,73.2,Developing
Kyrgyzstan,2015,71.1,Developing
Kyrgyzstan,2014,78.0,Developing
Kyrgyzstan,2013,77.0,Developing
Kyrgyzstan,2012,69.9,Developing
Kyrgyzstan,2011,69.4,Developing
Kyrgyzstan,2010,68.8,Developing
Kyrgyzstan,2009,68.5,Developing
Kyrgyzstan,2008,67.6,Developing
Kyrgyzstan,2007,67.2,Developing
Kyrgyzstan,2006,66.7,Developing
Kyrgyzstan,2005,66.9,Developing
Kyrgyzstan,2004,67.1,Developing
Kyrgyzstan,2003,66.6,Developing
Kyrgyzstan,2002,66.7,Developing
Kyrgyzstan,2001,67.2,Developing
Kyrgyzstan,2000,66.6,Developing
Lao People's Democratic Republic,2015,65.7,Developing
Lao People's Democratic Republic,2014,65.3,Developing
Lao People's Democratic Republic,2013,64.9,Developing
Lao People's Democratic Republic,2012,64.4,Developing
Lao People's Democratic Republic,2011,64.0,Developing
Lao People's Democratic Republic,2010,63.6,Developing
Lao People's Democratic Republic,2009,63.1,Developing
Lao People's Democratic Republic,2008,62.6,Developing
Lao People's Democratic Republic,2007,62.1,Developing
Lao People's Democratic Republic,2006,61.5,Developing
Lao People's Democratic Republic,2005,61.0,Developing
Lao People's Democratic Republic,2004,64.0,Developing
Lao People's Democratic Republic,2003,59.8,Developing
Lao People's Democratic Republic,2002,59.3,Developing
Lao People's Democratic Republic,2001,58.7,Developing
Lao People's Democratic Republic,2000,58.1,Developing
Latvia,2015,74.6,Developed
Latvia,2014,74.4,Developed
Latvia,2013,74.1,Developed
Latvia,2012,73.8,Developed
Latvia,2011,73.6,Developed
Latvia,2010,72.8,Developed
Latvia,2009,72.6,Developed
Latvia,2008,71.9,Developed
Latvia,2007,78.0,Developed
Latvia,2006,75.0,Developed
Latvia,2005,76.0,Developed
Latvia,2004,71.0,Developed
Latvia,2003,78.0,Developed
Latvia,2002,73.0,Developed
Latvia,2001,69.9,Developed
Latvia,2000,71.0,Developed
Lebanon,2015,74.9,Developing
Lebanon,2014,74.8,Developing
Lebanon,2013,74.9,Developing
Lebanon,2012,75.0,Developing
Lebanon,2011,75.0,Developing
Lebanon,2010,74.9,Developing
Lebanon,2009,74.7,Developing
Lebanon,2008,74.5,Developing
Lebanon,2007,74.4,Developing
Lebanon,2006,74.1,Developing
Lebanon,2005,73.9,Developing
Lebanon,2004,73.7,Developing
Lebanon,2003,73.5,Developing
Lebanon,2002,73.2,Developing
Lebanon,2001,73.0,Developing
Lebanon,2000,72.7,Developing
Lesotho,2015,53.7,Developing
Lesotho,2014,52.1,Developing
Lesotho,2013,52.1,Developing
Lesotho,2012,52.2,Developing
Lesotho,2011,52.3,Developing
Lesotho,2010,51.1,Developing
Lesotho,2009,49.4,Developing
Lesotho,2008,47.8,Developing
Lesotho,2007,46.2,Developing
Lesotho,2006,45.3,Developing
Lesotho,2005,44.5,Developing
Lesotho,2004,44.8,Developing
Lesotho,2003,45.5,Developing
Lesotho,2002,46.4,Developing
Lesotho,2001,47.8,Developing
Lesotho,2000,49.3,Developing
Liberia,2015,61.4,Developing
Liberia,2014,58.1,Developing
Liberia,2013,61.1,Developing
Liberia,2012,67.0,Developing
Liberia,2011,62.0,Developing
Liberia,2010,59.7,Developing
Liberia,2009,59.2,Developing
Liberia,2008,58.6,Developing
Liberia,2007,57.9,Developing
Liberia,2006,56.7,Developing
Liberia,2005,55.3,Developing
Liberia,2004,54.0,Developing
Liberia,2003,50.0,Developing
Liberia,2002,56.0,Developing
Liberia,2001,51.5,Developing
Liberia,2000,51.9,Developing
Libya,2015,72.7,Developing
Libya,2014,72.4,Developing
Libya,2013,72.9,Developing
Libya,2012,72.9,Developing
Libya,2011,71.3,Developing
Libya,2010,72.8,Developing
Libya,2009,72.7,Developing
Libya,2008,72.6,Developing
Libya,2007,72.5,Developing
Libya,2006,72.2,Developing
Libya,2005,71.9,Developing
Libya,2004,71.5,Developing
Libya,2003,71.3,Developing
Libya,2002,71.1,Developing
Libya,2001,71.0,Developing
Libya,2000,78.0,Developing
Lithuania,2015,73.6,Developed
Lithuania,2014,73.4,Developed
Lithuania,2013,73.0,Developed
Lithuania,2012,73.0,Developed
Lithuania,2011,72.8,Developed
Lithuania,2010,72.4,Developed
Lithuania,2009,72.2,Developed
Lithuania,2008,71.1,Developed
Lithuania,2007,72.0,Developed
Lithuania,2006,76.0,Developed
Lithuania,2005,78.0,Developed
Lithuania,2004,71.6,Developed
Lithuania,2003,71.6,Developed
Lithuania,2002,71.4,Developed
Lithuania,2001,71.2,Developed
Lithuania,2000,71.6,Developed
Luxembourg,2015,82.0,Developed
Luxembourg,2014,81.7,Developed
Luxembourg,2013,81.4,Developed
Luxembourg,2012,81.1,Developed
Luxembourg,2011,88.0,Developed
Luxembourg,2010,86.0,Developed
Luxembourg,2009,83.0,Developed
Luxembourg,2008,80.0,Developed
Luxembourg,2007,79.7,Developed
Luxembourg,2006,79.4,Developed
Luxembourg,2005,78.8,Developed
Luxembourg,2004,78.7,Developed
Luxembourg,2003,78.6,Developed
Luxembourg,2002,78.3,Developed
Luxembourg,2001,78.0,Developed
Luxembourg,2000,77.8,Developed
Madagascar,2015,65.5,Developing
Madagascar,2014,65.1,Developing
Madagascar,2013,64.7,Developing
Madagascar,2012,64.3,Developing
Madagascar,2011,63.8,Developing
Madagascar,2010,63.3,Developing
Madagascar,2009,62.8,Developing
Madagascar,2008,62.3,Developing
Madagascar,2007,61.9,Developing
Madagascar,2006,61.4,Developing
Madagascar,2005,69.0,Developing
Madagascar,2004,64.0,Developing
Madagascar,2003,59.9,Developing
Madagascar,2002,59.3,Developing
Madagascar,2001,58.7,Developing
Madagascar,2000,57.9,Developing
Malawi,2015,58.3,Developing
Malawi,2014,57.6,Developing
Malawi,2013,56.7,Developing
Malawi,2012,55.3,Developing
Malawi,2011,54.1,Developing
Malawi,2010,52.9,Developing
Malawi,2009,51.5,Developing
Malawi,2008,50.0,Developing
Malawi,2007,48.5,Developing
Malawi,2006,47.1,Developing
Malawi,2005,46.0,Developing
Malawi,2004,45.1,Developing
Malawi,2003,44.6,Developing
Malawi,2002,44.0,Developing
Malawi,2001,43.5,Developing
Malawi,2000,43.1,Developing
Malaysia,2015,75.0,Developing
Malaysia,2014,74.8,Developing
Malaysia,2013,74.6,Developing
Malaysia,2012,74.5,Developing
Malaysia,2011,74.3,Developing
Malaysia,2010,74.1,Developing
Malaysia,2009,74.0,Developing
Malaysia,2008,73.8,Developing
Malaysia,2007,73.7,Developing
Malaysia,2006,73.6,Developing
Malaysia,2005,73.4,Developing
Malaysia,2004,73.2,Developing
Malaysia,2003,73.1,Developing
Malaysia,2002,72.9,Developing
Malaysia,2001,72.7,Developing
Malaysia,2000,72.4,Developing
Maldives,2015,78.5,Developing
Maldives,2014,78.2,Developing
Maldives,2013,77.9,Developing
Maldives,2012,77.6,Developing
Maldives,2011,77.3,Developing
Maldives,2010,76.7,Developing
Maldives,2009,76.3,Developing
Maldives,2008,75.9,Developing
Maldives,2007,75.4,Developing
Maldives,2006,75.0,Developing
Maldives,2005,74.3,Developing
Maldives,2004,73.4,Developing
Maldives,2003,72.7,Developing
Maldives,2002,71.8,Developing
Maldives,2001,78.0,Developing
Maldives,2000,69.6,Developing
Mali,2015,58.2,Developing
Mali,2014,57.8,Developing
Mali,2013,57.3,Developing
Mali,2012,57.2,Developing
Mali,2011,56.8,Developing
Mali,2010,56.5,Developing
Mali,2009,56.0,Developing
Mali,2008,55.5,Developing
Mali,2007,55.0,Developing
Mali,2006,54.3,Developing
Mali,2005,53.6,Developing
Mali,2004,52.8,Developing
Mali,2003,52.0,Developing
Mali,2002,51.2,Developing
Mali,2001,55.0,Developing
Mali,2000,49.8,Developing
Malta,2015,81.7,Developed
Malta,2014,81.4,Developed
Malta,2013,81.1,Developed
Malta,2012,81.0,Developed
Malta,2011,87.0,Developed
Malta,2010,83.0,Developed
Malta,2009,82.0,Developed
Malta,2008,80.0,Developed
Malta,2007,79.6,Developed
Malta,2006,79.3,Developed
Malta,2005,79.0,Developed
Malta,2004,78.7,Developed
Malta,2003,78.5,Developed
Malta,2002,78.2,Developed
Malta,2001,77.8,Developed
Malta,2000,77.5,Developed
Mauritania,2015,63.1,Developing
Mauritania,2014,63.0,Developing
Mauritania,2013,62.7,Developing
Mauritania,2012,62.5,Developing
Mauritania,2011,62.2,Developing
Mauritania,2010,62.0,Developing
Mauritania,2009,61.7,Developing
Mauritania,2008,61.4,Developing
Mauritania,2007,61.2,Developing
Mauritania,2006,69.0,Developing
Mauritania,2005,66.0,Developing
Mauritania,2004,64.0,Developing
Mauritania,2003,63.0,Developing
Mauritania,2002,62.0,Developing
Mauritania,2001,61.0,Developing
Mauritania,2000,60.0,Developing
Mauritius,2015,74.6,Developing
Mauritius,2014,74.2,Developing
Mauritius,2013,74.1,Developing
Mauritius,2012,73.9,Developing
Mauritius,2011,73.6,Developing
Mauritius,2010,73.3,Developing
Mauritius,2009,72.8,Developing
Mauritius,2008,72.7,Developing
Mauritius,2007,72.9,Developing
Mauritius,2006,71.8,Developing
Mauritius,2005,72.1,Developing
Mauritius,2004,71.9,Developing
Mauritius,2003,71.5,Developing
Mauritius,2002,71.5,Developing
Mauritius,2001,71.5,Developing
Mauritius,2000,71.0,Developing
Mexico,2015,76.7,Developing
Mexico,2014,76.6,Developing
Mexico,2013,76.6,Developing
Mexico,2012,76.3,Developing
Mexico,2011,76.1,Developing
Mexico,2010,75.6,Developing
Mexico,2009,75.7,Developing
Mexico,2008,75.6,Developing
Mexico,2007,76.0,Developing
Mexico,2006,75.8,Developing
Mexico,2005,75.3,Developing
Mexico,2004,75.4,Developing
Mexico,2003,75.0,Developing
Mexico,2002,75.0,Developing
Mexico,2001,75.0,Developing
Mexico,2000,74.8,Developing
Micronesia (Federated States of),2015,69.4,Developing
Micronesia (Federated States of),2014,69.4,Developing
Micronesia (Federated States of),2013,69.2,Developing
Micronesia (Federated States of),2012,69.0,Developing
Micronesia (Federated States of),2011,68.9,Developing
Micronesia (Federated States of),2010,68.7,Developing
Micronesia (Federated States of),2009,68.5,Developing
Micronesia (Federated States of),2008,68.4,Developing
Micronesia (Federated States of),2007,68.2,Developing
Micronesia (Federated States of),2006,68.0,Developing
Micronesia (Federated States of),2005,67.9,Developing
Micronesia (Federated States of),2004,67.7,Developing
Micronesia (Federated States of),2003,67.5,Developing
Micronesia (Federated States of),2002,66.2,Developing
Micronesia (Federated States of),2001,67.2,Developing
Micronesia (Federated States of),2000,67.0,Developing
Mongolia,2015,68.8,Developing
Mongolia,2014,68.4,Developing
Mongolia,2013,68.1,Developing
Mongolia,2012,67.8,Developing
Mongolia,2011,67.3,Developing
Mongolia,2010,66.3,Developing
Mongolia,2009,66.9,Developing
Mongolia,2008,67.4,Developing
Mongolia,2007,65.9,Developing
Mongolia,2006,65.0,Developing
Mongolia,2005,64.5,Developing
Mongolia,2004,64.0,Developing
Mongolia,2003,64.0,Developing
Mongolia,2002,63.8,Developing
Mongolia,2001,63.2,Developing
Mongolia,2000,62.8,Developing
Montenegro,2015,76.1,Developing
Montenegro,2014,75.9,Developing
Montenegro,2013,75.8,Developing
Montenegro,2012,75.6,Developing
Montenegro,2011,75.4,Developing
Montenegro,2010,75.3,Developing
Montenegro,2009,75.0,Developing
Montenegro,2008,74.6,Developing
Montenegro,2007,74.2,Developing
Montenegro,2006,73.8,Developing
Montenegro,2005,73.6,Developing
Montenegro,2004,73.5,Developing
Montenegro,2003,73.5,Developing
Montenegro,2002,73.4,Developing
Montenegro,2001,73.3,Developing
Montenegro,2000,73.0,Developing
Morocco,2015,74.3,Developing
Morocco,2014,74.1,Developing
Morocco,2013,73.9,Developing
Morocco,2012,73.6,Developing
Morocco,2011,73.3,Developing
Morocco,2010,72.8,Developing
Morocco,2009,72.3,Developing
Morocco,2008,71.8,Developing
Morocco,2007,71.4,Developing
Morocco,2006,71.0,Developing
Morocco,2005,77.0,Developing
Morocco,2004,72.0,Developing
Morocco,2003,69.9,Developing
Morocco,2002,69.5,Developing
Morocco,2001,69.0,Developing
Morocco,2000,68.6,Developing
Mozambique,2015,57.6,Developing
Mozambique,2014,56.7,Developing
Mozambique,2013,55.3,Developing
Mozambique,2012,54.8,Developing
Mozambique,2011,54.3,Developing
Mozambique,2010,54.0,Developing
Mozambique,2009,53.8,Developing
Mozambique,2008,53.2,Developing
Mozambique,2007,52.1,Developing
Mozambique,2006,51.2,Developing
Mozambique,2005,58.0,Developing
Mozambique,2004,54.0,Developing
Mozambique,2003,51.0,Developing
Mozambique,2002,49.8,Developing
Mozambique,2001,49.5,Developing
Mozambique,2000,49.0,Developing
Myanmar,2015,66.6,Developing
Myanmar,2014,66.4,Developing
Myanmar,2013,66.2,Developing
Myanmar,2012,65.9,Developing
Myanmar,2011,65.6,Developing
Myanmar,2010,65.4,Developing
Myanmar,2009,65.2,Developing
Myanmar,2008,59.2,Developing
Myanmar,2007,64.5,Developing
Myanmar,2006,64.2,Developing
Myanmar,2005,63.9,Developing
Myanmar,2004,63.5,Developing
Myanmar,2003,63.2,Developing
Myanmar,2002,62.8,Developing
Myanmar,2001,62.5,Developing
Myanmar,2000,62.1,Developing
Namibia,2015,65.8,Developing
Namibia,2014,65.9,Developing
Namibia,2013,66.1,Developing
Namibia,2012,65.8,Developing
Namibia,2011,64.3,Developing
Namibia,2010,63.0,Developing
Namibia,2009,62.4,Developing
Namibia,2008,61.7,Developing
Namibia,2007,60.0,Developing
Namibia,2006,57.0,Developing
Namibia,2005,55.1,Developing
Namibia,2004,54.7,Developing
Namibia,2003,55.0,Developing
Namibia,2002,55.7,Developing
Namibia,2001,56.5,Developing
Namibia,2000,57.4,Developing
Nepal,2015,69.2,Developing
Nepal,2014,69.6,Developing
Nepal,2013,69.3,Developing
Nepal,2012,68.9,Developing
Nepal,2011,68.4,Developing
Nepal,2010,68.0,Developing
Nepal,2009,67.5,Developing
Nepal,2008,67.0,Developing
Nepal,2007,66.6,Developing
Nepal,2006,66.0,Developing
Nepal,2005,65.4,Developing
Nepal,2004,64.7,Developing
Nepal,2003,64.3,Developing
Nepal,2002,63.1,Developing
Nepal,2001,63.2,Developing
Nepal,2000,62.5,Developing
Netherlands,2015,81.9,Developed
Netherlands,2014,81.7,Developed
Netherlands,2013,81.4,Developed
Netherlands,2012,81.1,Developed
Netherlands,2011,81.1,Developed
Netherlands,2010,88.0,Developed
Netherlands,2009,86.0,Developed
Netherlands,2008,83.0,Developed
Netherlands,2007,82.0,Developed
Netherlands,2006,79.8,Developed
Netherlands,2005,79.4,Developed
Netherlands,2004,79.2,Developed
Netherlands,2003,78.7,Developed
Netherlands,2002,78.4,Developed
Netherlands,2001,78.3,Developed
Netherlands,2000,78.1,Developed
New Zealand,2015,81.6,Developed
New Zealand,2014,81.5,Developed
New Zealand,2013,81.3,Developed
New Zealand,2012,81.1,Developed
New Zealand,2011,86.0,Developed
New Zealand,2010,89.0,Developed
New Zealand,2009,85.0,Developed
New Zealand,2008,81.0,Developed
New Zealand,2007,81.0,Developed
New Zealand,2006,79.9,Developed
New Zealand,2005,79.9,Developed
New Zealand,2004,79.2,Developed
New Zealand,2003,79.1,Developed
New Zealand,2002,78.7,Developed
New Zealand,2001,78.5,Developed
New Zealand,2000,78.6,Developed
Nicaragua,2015,74.8,Developing
Nicaragua,2014,74.5,Developing
Nicaragua,2013,73.9,Developing
Nicaragua,2012,73.9,Developing
Nicaragua,2011,74.5,Developing
Nicaragua,2010,73.2,Developing
Nicaragua,2009,73.2,Developing
Nicaragua,2008,72.5,Developing
Nicaragua,2007,72.5,Developing
Nicaragua,2006,73.0,Developing
Nicaragua,2005,71.2,Developing
Nicaragua,2004,71.0,Developing
Nicaragua,2003,76.0,Developing
Nicaragua,2002,75.0,Developing
Nicaragua,2001,73.0,Developing
Nicaragua,2000,73.0,Developing
Niger,2015,61.8,Developing
Niger,2014,61.4,Developing
Niger,2013,69.0,Developing
Niger,2012,63.0,Developing
Niger,2011,59.4,Developing
Niger,2010,58.2,Developing
Niger,2009,57.1,Developing
Niger,2008,56.0,Developing
Niger,2007,55.2,Developing
Niger,2006,54.5,Developing
Niger,2005,53.7,Developing
Niger,2004,52.9,Developing
Niger,2003,52.1,Developing
Niger,2002,51.4,Developing
Niger,2001,56.0,Developing
Niger,2000,50.0,Developing
Nigeria,2015,54.5,Developing
Nigeria,2014,53.6,Developing
Nigeria,2013,53.2,Developing
Nigeria,2012,52.7,Developing
Nigeria,2011,52.3,Developing
Nigeria,2010,52.0,Developing
Nigeria,2009,51.6,Developing
Nigeria,2008,59.0,Developing
Nigeria,2007,55.0,Developing
Nigeria,2006,49.8,Developing
Nigeria,2005,49.2,Developing
Nigeria,2004,48.5,Developing
Nigeria,2003,48.1,Developing
Nigeria,2002,47.7,Developing
Nigeria,2001,47.4,Developing
Nigeria,2000,47.1,Developing
Norway,2015,81.8,Developed
Norway,2014,81.6,Developed
Norway,2013,81.5,Developed
Norway,2012,81.3,Developed
Norway,2011,81.1,Developed
Norway,2010,81.0,Developed
Norway,2009,89.0,Developed
Norway,2008,86.0,Developed
Norway,2007,85.0,Developed
Norway,2006,84.0,Developed
Norway,2005,81.0,Developed
Norway,2004,79.8,Developed
Norway,2003,79.4,Developed
Norway,2002,78.9,Developed
Norway,2001,78.8,Developed
Norway,2000,78.5,Developed
Oman,2015,76.6,Developing
Oman,2014,76.4,Developing
Oman,2013,76.2,Developing
Oman,2012,76.0,Developing
Oman,2011,75.8,Developing
Oman,2010,75.6,Developing
Oman,2009,75.4,Developing
Oman,2008,75.2,Developing
Oman,2007,74.9,Developing
Oman,2006,74.7,Developing
Oman,2005,74.3,Developing
Oman,2004,74.0,Developing
Oman,2003,73.6,Developing
Oman,2002,73.3,Developing
Oman,2001,72.9,Developing
Oman,2000,72.6,Developing
Pakistan,2015,66.4,Developing
Pakistan,2014,66.2,Developing
Pakistan,2013,66.0,Developing
Pakistan,2012,65.7,Developing
Pakistan,2011,65.5,Developing
Pakistan,2010,65.1,Developing
Pakistan,2009,64.8,Developing
Pakistan,2008,64.6,Developing
Pakistan,2007,64.4,Developing
Pakistan,2006,64.2,Developing
Pakistan,2005,62.9,Developing
Pakistan,2004,63.7,Developing
Pakistan,2003,63.5,Developing
Pakistan,2002,63.2,Developing
Pakistan,2001,63.0,Developing
Pakistan,2000,62.8,Developing
Panama,2015,77.8,Developing
Panama,2014,77.6,Developing
Panama,2013,77.5,Developing
Panama,2012,77.2,Developing
Panama,2011,77.3,Developing
Panama,2010,76.5,Developing
Panama,2009,76.8,Developing
Panama,2008,76.5,Developing
Panama,2007,76.4,Developing
Panama,2006,76.2,Developing
Panama,2005,75.8,Developing
Panama,2004,75.8,Developing
Panama,2003,75.5,Developing
Panama,2002,75.7,Developing
Panama,2001,75.5,Developing
Panama,2000,75.7,Developing
Papua New Guinea,2015,62.9,Developing
Papua New Guinea,2014,62.7,Developing
Papua New Guinea,2013,62.4,Developing
Papua New Guinea,2012,62.2,Developing
Papua New Guinea,2011,62.0,Developing
Papua New Guinea,2010,61.8,Developing
Papua New Guinea,2009,61.6,Developing
Papua New Guinea,2008,61.4,Developing
Papua New Guinea,2007,61.1,Developing
Papua New Guinea,2006,68.0,Developing
Papua New Guinea,2005,64.0,Developing
Papua New Guinea,2004,59.9,Developing
Papua New Guinea,2003,59.6,Developing
Papua New Guinea,2002,59.3,Developing
Papua New Guinea,2001,59.1,Developing
Papua New Guinea,2000,58.9,Developing
Paraguay,2015,74.0,Developing
Paraguay,2014,73.9,Developing
Paraguay,2013,73.8,Developing
Paraguay,2012,73.6,Developing
Paraguay,2011,73.4,Developing
Paraguay,2010,73.2,Developing
Paraguay,2009,73.0,Developing
Paraguay,2008,72.7,Developing
Paraguay,2007,72.5,Developing
Paraguay,2006,72.3,Developing
Paraguay,2005,72.1,Developing
Paraguay,2004,71.9,Developing
Paraguay,2003,71.7,Developing
Paraguay,2002,71.5,Developing
Paraguay,2001,71.2,Developing
Paraguay,2000,79.0,Developing
Peru,2015,75.5,Developing
Peru,2014,75.3,Developing
Peru,2013,75.3,Developing
Peru,2012,74.9,Developing
Peru,2011,74.5,Developing
Peru,2010,73.7,Developing
Peru,2009,73.8,Developing
Peru,2008,73.9,Developing
Peru,2007,74.0,Developing
Peru,2006,74.2,Developing
Peru,2005,72.8,Developing
Peru,2004,72.2,Developing
Peru,2003,72.1,Developing
Peru,2002,72.6,Developing
Peru,2001,72.4,Developing
Peru,2000,71.4,Developing
Philippines,2015,68.5,Developing
Philippines,2014,68.4,Developing
Philippines,2013,68.1,Developing
Philippines,2012,68.1,Developing
Philippines,2011,68.0,Developing
Philippines,2010,67.9,Developing
Philippines,2009,68.0,Developing
Philippines,2008,67.5,Developing
Philippines,2007,67.5,Developing
Philippines,2006,67.3,Developing
Philippines,2005,67.0,Developing
Philippines,2004,67.3,Developing
Philippines,2003,67.2,Developing
Philippines,2002,66.8,Developing
Philippines,2001,66.8,Developing
Philippines,2000,66.8,Developing
Poland,2015,77.5,Developed
Poland,2014,77.3,Developed
Poland,2013,77.1,Developed
Poland,2012,76.8,Developed
Poland,2011,76.7,Developed
Poland,2010,76.3,Developed
Poland,2009,75.7,Developed
Poland,2008,75.5,Developed
Poland,2007,75.3,Developed
Poland,2006,75.2,Developed
Poland,2005,75.0,Developed
Poland,2004,74.9,Developed
Poland,2003,74.7,Developed
Poland,2002,74.5,Developed
Poland,2001,74.2,Developed
Poland,2000,73.7,Developed
Portugal,2015,81.1,Developed
Portugal,2014,89.0,Developed
Portugal,2013,86.0,Developed
Portugal,2012,83.0,Developed
Portugal,2011,82.0,Developed
Portugal,2010,79.6,Developed
Portugal,2009,79.3,Developed
Portugal,2008,79.0,Developed
Portugal,2007,78.7,Developed
Portugal,2006,78.5,Developed
Portugal,2005,77.7,Developed
Portugal,2004,78.0,Developed
Portugal,2003,77.3,Developed
Portugal,2002,77.2,Developed
Portugal,2001,76.9,Developed
Portugal,2000,76.6,Developed
Qatar,2015,78.2,Developing
Qatar,2014,78.1,Developing
Qatar,2013,77.9,Developing
Qatar,2012,77.8,Developing
Qatar,2011,77.5,Developing
Qatar,2010,77.3,Developing
Qatar,2009,77.0,Developing
Qatar,2008,76.8,Developing
Qatar,2007,76.7,Developing
Qatar,2006,76.6,Developing
Qatar,2005,76.6,Developing
Qatar,2004,76.6,Developing
Qatar,2003,76.5,Developing
Qatar,2002,76.4,Developing
Qatar,2001,76.3,Developing
Qatar,2000,76.2,Developing
Republic of Korea,2015,82.3,Developing
Republic of Korea,2014,82.0,Developing
Republic of Korea,2013,81.7,Developing
Republic of Korea,2012,81.2,Developing
Republic of Korea,2011,81.1,Developing
Republic of Korea,2010,87.0,Developing
Republic of Korea,2009,86.0,Developing
Republic of Korea,2008,83.0,Developing
Republic of Korea,2007,79.8,Developing
Republic of Korea,2006,79.4,Developing
Republic of Korea,2005,78.7,Developing
Republic of Korea,2004,78.2,Developing
Republic of Korea,2003,77.6,Developing
Republic of Korea,2002,77.1,Developing
Republic of Korea,2001,76.7,Developing
Republic of Korea,2000,76.0,Developing
Republic of Moldova,2015,72.1,Developing
Republic of Moldova,2014,71.8,Developing
Republic of Moldova,2013,71.7,Developing
Republic of Moldova,2012,79.0,Developing
Republic of Moldova,2011,77.0,Developing
Republic of Moldova,2010,68.8,Developing
Republic of Moldova,2009,69.0,Developing
Republic of Moldova,2008,68.9,Developing
Republic of Moldova,2007,68.3,Developing
Republic of Moldova,2006,68.0,Developing
Republic of Moldova,2005,67.3,Developing
Republic of Moldova,2004,68.0,Developing
Republic of Moldova,2003,67.6,Developing
Republic of Moldova,2002,67.5,Developing
Republic of Moldova,2001,67.6,Developing
Republic of Moldova,2000,67.1,Developing
Romania,2015,75.0,Developed
Romania,2014,74.8,Developed
Romania,2013,74.6,Developed
Romania,2012,74.4,Developed
Romania,2011,74.3,Developed
Romania,2010,73.4,Developed
Romania,2009,73.1,Developed
Romania,2008,73.1,Developed
Romania,2007,72.9,Developed
Romania,2006,72.5,Developed
Romania,2005,71.9,Developed
Romania,2004,71.7,Developed
Romania,2003,71.1,Developed
Romania,2002,77.0,Developed
Romania,2001,78.0,Developed
Romania,2000,77.0,Developed
Russian Federation,2015,75.0,Developing
Russian Federation,2014,73.0,Developing
Russian Federation,2013,70.0,Developing
Russian Federation,2012,69.6,Developing
Russian Federation,2011,69.4,Developing
Russian Federation,2010,68.4,Developing
Russian Federation,2009,68.2,Developing
Russian Federation,2008,67.5,Developing
Russian Federation,2007,67.3,Developing
Russian Federation,2006,66.4,Developing
Russian Federation,2005,65.0,Developing
Russian Federation,2004,64.9,Developing
Russian Federation,2003,64.6,Developing
Russian Federation,2002,64.8,Developing
Russian Federation,2001,65.1,Developing
Russian Federation,2000,65.0,Developing
Rwanda,2015,66.1,Developing
Rwanda,2014,65.7,Developing
Rwanda,2013,65.2,Developing
Rwanda,2012,64.6,Developing
Rwanda,2011,63.8,Developing
Rwanda,2010,62.8,Developing
Rwanda,2009,61.0,Developing
Rwanda,2008,68.0,Developing
Rwanda,2007,59.6,Developing
Rwanda,2006,57.6,Developing
Rwanda,2005,55.3,Developing
Rwanda,2004,53.4,Developing
Rwanda,2003,52.0,Developing
Rwanda,2002,57.0,Developing
Rwanda,2001,48.6,Developing
Rwanda,2000,48.3,Developing
Saint Lucia,2015,75.2,Developing
Saint Lucia,2014,75.0,Developing
Saint Lucia,2013,74.8,Developing
Saint Lucia,2012,74.7,Developing
Saint Lucia,2011,74.6,Developing
Saint Lucia,2010,74.2,Developing
Saint Lucia,2009,74.3,Developing
Saint Lucia,2008,74.1,Developing
Saint Lucia,2007,73.9,Developing
Saint Lucia,2006,73.5,Developing
Saint Lucia,2005,73.1,Developing
Saint Lucia,2004,72.6,Developing
Saint Lucia,2003,72.2,Developing
Saint Lucia,2002,72.0,Developing
Saint Lucia,2001,71.8,Developing
Saint Lucia,2000,71.6,Developing
Saint Vincent and the Grenadines,2015,73.2,Developing
Saint Vincent and the Grenadines,2014,73.1,Developing
Saint Vincent and the Grenadines,2013,72.7,Developing
Saint Vincent and the Grenadines,2012,72.8,Developing
Saint Vincent and the Grenadines,2011,72.7,Developing
Saint Vincent and the Grenadines,2010,72.5,Developing
Saint Vincent and the Grenadines,2009,72.3,Developing
Saint Vincent and the Grenadines,2008,72.1,Developing
Saint Vincent and the Grenadines,2007,71.9,Developing
Saint Vincent and the Grenadines,2006,71.7,Developing
Saint Vincent and the Grenadines,2005,71.4,Developing
Saint Vincent and the Grenadines,2004,71.2,Developing
Saint Vincent and the Grenadines,2003,71.0,Developing
Saint Vincent and the Grenadines,2002,79.0,Developing
Saint Vincent and the Grenadines,2001,79.0,Developing
Saint Vincent and the Grenadines,2000,79.0,Developing
Samoa,2015,74.0,Developing
Samoa,2014,73.8,Developing
Samoa,2013,73.6,Developing
Samoa,2012,73.2,Developing
Samoa,2011,73.0,Developing
Samoa,2010,72.6,Developing
Samoa,2009,76.0,Developing
Samoa,2008,72.5,Developing
Samoa,2007,72.2,Developing
Samoa,2006,72.0,Developing
Samoa,2005,71.6,Developing
Samoa,2004,71.4,Developing
Samoa,2003,79.0,Developing
Samoa,2002,76.0,Developing
Samoa,2001,75.0,Developing
Samoa,2000,72.0,Developing
Sao Tome and Principe,2015,67.5,Developing
Sao Tome and Principe,2014,67.3,Developing
Sao Tome and Principe,2013,67.1,Developing
Sao Tome and Principe,2012,66.9,Developing
Sao Tome and Principe,2011,66.6,Developing
Sao Tome and Principe,2010,66.2,Developing
Sao Tome and Principe,2009,65.8,Developing
Sao Tome and Principe,2008,65.4,Developing
Sao Tome and Principe,2007,65.1,Developing
Sao Tome and Principe,2006,64.7,Developing
Sao Tome and Principe,2005,64.3,Developing
Sao Tome and Principe,2004,63.8,Developing
Sao Tome and Principe,2003,63.4,Developing
Sao Tome and Principe,2002,63.1,Developing
Sao Tome and Principe,2001,62.8,Developing
Sao Tome and Principe,2000,62.6,Developing
Saudi Arabia,2015,74.5,Developing
Saudi Arabia,2014,74.4,Developing
Saudi Arabia,2013,74.3,Developing
Saudi Arabia,2012,74.1,Developing
Saudi Arabia,2011,73.9,Developing
Saudi Arabia,2010,73.7,Developing
Saudi Arabia,2009,73.4,Developing
Saudi Arabia,2008,73.3,Developing
Saudi Arabia,2007,73.2,Developing
Saudi Arabia,2006,73.2,Developing
Saudi Arabia,2005,73.1,Developing
Saudi Arabia,2004,73.1,Developing
Saudi Arabia,2003,73.0,Developing
Saudi Arabia,2002,72.9,Developing
Saudi Arabia,2001,72.8,Developing
Saudi Arabia,2000,72.6,Developing
Senegal,2015,66.7,Developing
Senegal,2014,66.4,Developing
Senegal,2013,66.0,Developing
Senegal,2012,65.6,Developing
Senegal,2011,64.9,Developing
Senegal,2010,64.3,Developing
Senegal,2009,63.5,Developing
Senegal,2008,62.8,Developing
Senegal,2007,62.1,Developing
Senegal,2006,61.3,Developing
Senegal,2005,65.0,Developing
Senegal,2004,59.7,Developing
Senegal,2003,59.0,Developing
Senegal,2002,58.4,Developing
Senegal,2001,57.9,Developing
Senegal,2000,57.5,Developing
Serbia,2015,75.6,Developing
Serbia,2014,75.4,Developing
Serbia,2013,75.3,Developing
Serbia,2012,74.9,Developing
Serbia,2011,74.6,Developing
Serbia,2010,74.4,Developing
Serbia,2009,74.1,Developing
Serbia,2008,74.0,Developing
Serbia,2007,73.8,Developing
Serbia,2006,73.6,Developing
Serbia,2005,73.0,Developing
Serbia,2004,73.0,Developing
Serbia,2003,73.0,Developing
Serbia,2002,72.9,Developing
Serbia,2001,73.1,Developing
Serbia,2000,72.6,Developing
Seychelles,2015,73.2,Developing
Seychelles,2014,73.0,Developing
Seychelles,2013,72.9,Developing
Seychelles,2012,72.7,Developing
Seychelles,2011,72.6,Developing
Seychelles,2010,72.4,Developing
Seychelles,2009,72.3,Developing
Seychelles,2008,72.2,Developing
Seychelles,2007,72.2,Developing
Seychelles,2006,72.2,Developing
Seychelles,2005,72.2,Developing
Seychelles,2004,72.1,Developing
Seychelles,2003,72.1,Developing
Seychelles,2002,72.1,Developing
Seychelles,2001,72.0,Developing
Seychelles,2000,71.8,Developing
Sierra Leone,2015,51.0,Developing
Sierra Leone,2014,48.1,Developing
Sierra Leone,2013,54.0,Developing
Sierra Leone,2012,49.7,Developing
Sierra Leone,2011,48.9,Developing
Sierra Leone,2010,48.1,Developing
Sierra Leone,2009,47.1,Developing
Sierra Leone,2008,46.2,Developing
Sierra Leone,2007,45.3,Developing
Sierra Leone,2006,44.3,Developing
Sierra Leone,2005,43.3,Developing
Sierra Leone,2004,42.3,Developing
Sierra Leone,2003,41.5,Developing
Sierra Leone,2002,48.0,Developing
Sierra Leone,2001,41.0,Developing
Sierra Leone,2000,39.0,Developing
Singapore,2015,83.1,Developed
Singapore,2014,82.9,Developed
Singapore,2013,82.7,Developed
Singapore,2012,82.5,Developed
Singapore,2011,82.2,Developed
Singapore,2010,82.0,Developed
Singapore,2009,81.7,Developed
Singapore,2008,81.4,Developed
Singapore,2007,81.1,Developed
Singapore,2006,87.0,Developed
Singapore,2005,82.0,Developed
Singapore,2004,79.7,Developed
Singapore,2003,79.3,Developed
Singapore,2002,79.0,Developed
Singapore,2001,78.7,Developed
Singapore,2000,78.3,Developed
Slovakia,2015,76.7,Developed
Slovakia,2014,76.4,Developed
Slovakia,2013,76.1,Developed
Slovakia,2012,75.8,Developed
Slovakia,2011,75.6,Developed
Slovakia,2010,75.1,Developed
Slovakia,2009,75.0,Developed
Slovakia,2008,74.7,Developed
Slovakia,2007,74.4,Developed
Slovakia,2006,74.3,Developed
Slovakia,2005,74.0,Developed
Slovakia,2004,74.1,Developed
Slovakia,2003,73.8,Developed
Slovakia,2002,73.7,Developed
Slovakia,2001,73.3,Developed
Slovakia,2000,73.0,Developed
Slovenia,2015,88.0,Developed
Slovenia,2014,87.0,Developed
Slovenia,2013,85.0,Developed
Slovenia,2012,82.0,Developed
Slovenia,2011,79.8,Developed
Slovenia,2010,79.5,Developed
Slovenia,2009,79.1,Developed
Slovenia,2008,78.9,Developed
Slovenia,2007,78.3,Developed
Slovenia,2006,78.1,Developed
Slovenia,2005,77.5,Developed
Slovenia,2004,77.2,Developed
Slovenia,2003,76.5,Developed
Slovenia,2002,76.6,Developed
Slovenia,2001,76.2,Developed
Slovenia,2000,76.0,Developed
Solomon Islands,2015,69.2,Developing
Solomon Islands,2014,68.8,Developing
Solomon Islands,2013,68.8,Developing
Solomon Islands,2012,68.7,Developing
Solomon Islands,2011,68.5,Developing
Solomon Islands,2010,68.3,Developing
Solomon Islands,2009,68.1,Developing
Solomon Islands,2008,68.0,Developing
Solomon Islands,2007,67.6,Developing
Solomon Islands,2006,67.6,Developing
Solomon Islands,2005,67.4,Developing
Solomon Islands,2004,67.1,Developing
Solomon Islands,2003,66.8,Developing
Solomon Islands,2002,66.5,Developing
Solomon Islands,2001,66.2,Developing
Solomon Islands,2000,65.8,Developing
Somalia,2015,55.0,Developing
Somalia,2014,54.3,Developing
Somalia,2013,54.2,Developing
Somalia,2012,53.1,Developing
Somalia,2011,53.1,Developing
Somalia,2010,52.4,Developing
Somalia,2009,52.2,Developing
Somalia,2008,51.9,Developing
Somalia,2007,51.5,Developing
Somalia,2006,51.5,Developing
Somalia,2005,51.6,Developing
Somalia,2004,51.2,Developing
Somalia,2003,51.1,Developing
Somalia,2002,58.0,Developing
Somalia,2001,57.0,Developing
Somalia,2000,55.0,Developing
South Africa,2015,62.9,Developing
South Africa,2014,62.0,Developing
South Africa,2013,69.0,Developing
South Africa,2012,59.2,Developing
South Africa,2011,58.9,Developing
South Africa,2010,58.0,Developing
South Africa,2009,56.5,Developing
South Africa,2008,55.3,Developing
South Africa,2007,54.5,Developing
South Africa,2006,54.0,Developing
South Africa,2005,53.8,Developing
South Africa,2004,53.7,Developing
South Africa,2003,54.0,Developing
South Africa,2002,54.9,Developing
South Africa,2001,56.0,Developing
South Africa,2000,57.3,Developing
South Sudan,2015,57.3,Developing
South Sudan,2014,56.6,Developing
South Sudan,2013,56.4,Developing
South Sudan,2012,56.0,Developing
South Sudan,2011,55.4,Developing
South Sudan,2010,55.0,Developing
South Sudan,2009,54.3,Developing
South Sudan,2008,53.6,Developing
South Sudan,2007,53.1,Developing
South Sudan,2006,52.5,Developing
South Sudan,2005,51.9,Developing
South Sudan,2004,51.4,Developing
South Sudan,2003,58.0,Developing
South Sudan,2002,52.0,Developing
South Sudan,2001,49.6,Developing
South Sudan,2000,48.9,Developing
Spain,2015,82.8,Developed
Spain,2014,82.6,Developed
Spain,2013,82.4,Developed
Spain,2012,82.0,Developed
Spain,2011,82.1,Developed
Spain,2010,81.9,Developed
Spain,2009,81.6,Developed
Spain,2008,81.3,Developed
Spain,2007,89.0,Developed
Spain,2006,88.0,Developed
Spain,2005,81.0,Developed
Spain,2004,81.0,Developed
Spain,2003,79.4,Developed
Spain,2002,79.5,Developed
Spain,2001,79.4,Developed
Spain,2000,79.1,Developed
Sri Lanka,2015,74.9,Developing
Sri Lanka,2014,74.7,Developing
Sri Lanka,2013,74.6,Developing
Sri Lanka,2012,74.5,Developing
Sri Lanka,2011,74.5,Developing
Sri Lanka,2010,74.5,Developing
Sri Lanka,2009,71.8,Developing
Sri Lanka,2008,72.3,Developing
Sri Lanka,2007,73.7,Developing
Sri Lanka,2006,73.8,Developing
Sri Lanka,2005,74.2,Developing
Sri Lanka,2004,69.1,Developing
Sri Lanka,2003,73.9,Developing
Sri Lanka,2002,73.7,Developing
Sri Lanka,2001,72.7,Developing
Sri Lanka,2000,71.5,Developing
Sudan,2015,64.1,Developing
Sudan,2014,63.8,Developing
Sudan,2013,63.5,Developing
Sudan,2012,63.2,Developing
Sudan,2011,62.7,Developing
Sudan,2010,62.5,Developing
Sudan,2009,62.0,Developing
Sudan,2008,61.8,Developing
Sudan,2007,61.4,Developing
Sudan,2006,61.0,Developing
Sudan,2005,67.0,Developing
Sudan,2004,59.7,Developing
Sudan,2003,59.6,Developing
Sudan,2002,59.4,Developing
Sudan,2001,58.9,Developing
Sudan,2000,58.6,Developing
Suriname,2015,71.6,Developing
Suriname,2014,71.4,Developing
Suriname,2013,71.2,Developing
Suriname,2012,71.3,Developing
Suriname,2011,76.0,Developing
Suriname,2010,73.0,Developing
Suriname,2009,70.0,Developing
Suriname,2008,69.8,Developing
Suriname,2007,69.5,Developing
Suriname,2006,69.3,Developing
Suriname,2005,68.9,Developing
Suriname,2004,68.3,Developing
Suriname,2003,68.0,Developing
Suriname,2002,67.9,Developing
Suriname,2001,67.7,Developing
Suriname,2000,67.4,Developing
Swaziland,2015,58.9,Developing
Swaziland,2014,58.4,Developing
Swaziland,2013,57.6,Developing
Swaziland,2012,56.5,Developing
Swaziland,2011,55.0,Developing
Swaziland,2010,53.6,Developing
Swaziland,2009,52.6,Developing
Swaziland,2008,51.4,Developing
Swaziland,2007,50.0,Developing
Swaziland,2006,47.8,Developing
Swaziland,2005,46.0,Developing
Swaziland,2004,45.6,Developing
Swaziland,2003,45.9,Developing
Swaziland,2002,46.4,Developing
Swaziland,2001,47.1,Developing
Swaziland,2000,48.4,Developing
Sweden,2015,82.4,Developed
Sweden,2014,82.3,Developed
Sweden,2013,81.9,Developed
Sweden,2012,81.7,Developed
Sweden,2011,81.7,Developed
Sweden,2010,81.5,Developed
Sweden,2009,81.4,Developed
Sweden,2008,81.1,Developed
Sweden,2007,89.0,Developed
Sweden,2006,88.0,Developed
Sweden,2005,85.0,Developed
Sweden,2004,83.0,Developed
Sweden,2003,82.0,Developed
Sweden,2002,79.9,Developed
Sweden,2001,79.8,Developed
Sweden,2000,79.6,Developed
Switzerland,2015,83.4,Developed
Switzerland,2014,83.2,Developed
Switzerland,2013,83.0,Developed
Switzerland,2012,82.7,Developed
Switzerland,2011,82.6,Developed
Switzerland,2010,82.3,Developed
Switzerland,2009,82.1,Developed
Switzerland,2008,82.0,Developed
Switzerland,2007,81.7,Developed
Switzerland,2006,81.5,Developed
Switzerland,2005,81.1,Developed
Switzerland,2004,81.0,Developed
Switzerland,2003,85.0,Developed
Switzerland,2002,84.0,Developed
Switzerland,2001,82.0,Developed
Switzerland,2000,79.7,Developed
Syrian Arab Republic,2015,64.5,Developing
Syrian Arab Republic,2014,64.4,Developing
Syrian Arab Republic,2013,63.6,Developing
Syrian Arab Republic,2012,62.8,Developing
Syrian Arab Republic,2011,71.7,Developing
Syrian Arab Republic,2010,73.7,Developing
Syrian Arab Republic,2009,73.8,Developing
Syrian Arab Republic,2008,73.8,Developing
Syrian Arab Republic,2007,73.8,Developing
Syrian Arab Republic,2006,73.7,Developing
Syrian Arab Republic,2005,73.5,Developing
Syrian Arab Republic,2004,73.2,Developing
Syrian Arab Republic,2003,73.0,Developing
Syrian Arab Republic,2002,72.8,Developing
Syrian Arab Republic,2001,72.7,Developing
Syrian Arab Republic,2000,72.6,Developing
Tajikistan,2015,69.7,Developing
Tajikistan,2014,69.6,Developing
Tajikistan,2013,69.3,Developing
Tajikistan,2012,68.8,Developing
Tajikistan,2011,68.1,Developing
Tajikistan,2010,67.3,Developing
Tajikistan,2009,66.7,Developing
Tajikistan,2008,66.4,Developing
Tajikistan,2007,66.1,Developing
Tajikistan,2006,65.9,Developing
Tajikistan,2005,65.5,Developing
Tajikistan,2004,65.9,Developing
Tajikistan,2003,65.2,Developing
Tajikistan,2002,64.3,Developing
Tajikistan,2001,64.0,Developing
Tajikistan,2000,63.7,Developing
Thailand,2015,74.9,Developing
Thailand,2014,74.6,Developing
Thailand,2013,74.5,Developing
Thailand,2012,74.3,Developing
Thailand,2011,74.1,Developing
Thailand,2010,73.9,Developing
Thailand,2009,73.7,Developing
Thailand,2008,73.5,Developing
Thailand,2007,73.3,Developing
Thailand,2006,73.0,Developing
Thailand,2005,72.5,Developing
Thailand,2004,71.6,Developing
Thailand,2003,71.7,Developing
Thailand,2002,71.4,Developing
Thailand,2001,71.2,Developing
Thailand,2000,71.1,Developing
The former Yugoslav republic of Macedonia,2015,75.7,Developing
The former Yugoslav republic of Macedonia,2014,75.5,Developing
The former Yugoslav republic of Macedonia,2013,75.3,Developing
The former Yugoslav republic of Macedonia,2012,75.1,Developing
The former Yugoslav republic of Macedonia,2011,74.9,Developing
The former Yugoslav republic of Macedonia,2010,74.7,Developing
The former Yugoslav republic of Macedonia,2009,74.4,Developing
The former Yugoslav republic of Macedonia,2008,74.2,Developing
The former Yugoslav republic of Macedonia,2007,73.5,Developing
The former Yugoslav republic of Macedonia,2006,73.7,Developing
The former Yugoslav republic of Macedonia,2005,73.6,Developing
The former Yugoslav republic of Macedonia,2004,73.5,Developing
The former Yugoslav republic of Macedonia,2003,73.2,Developing
The former Yugoslav republic of Macedonia,2002,72.8,Developing
The former Yugoslav republic of Macedonia,2001,73.1,Developing
The former Yugoslav republic of Macedonia,2000,72.6,Developing
Timor-Leste,2015,68.3,Developing
Timor-Leste,2014,68.0,Developing
Timor-Leste,2013,67.7,Developing
Timor-Leste,2012,67.4,Developing
Timor-Leste,2011,67.2,Developing
Timor-Leste,2010,66.9,Developing
Timor-Leste,2009,66.6,Developing
Timor-Leste,2008,66.2,Developing
Timor-Leste,2007,65.8,Developing
Timor-Leste,2006,64.9,Developing
Timor-Leste,2005,63.7,Developing
Timor-Leste,2004,62.3,Developing
Timor-Leste,2003,61.0,Developing
Timor-Leste,2002,62.0,Developing
Timor-Leste,2001,59.4,Developing
Timor-Leste,2000,58.7,Developing
Togo,2015,59.9,Developing
Togo,2014,59.7,Developing
Togo,2013,59.4,Developing
Togo,2012,58.9,Developing
Togo,2011,58.3,Developing
Togo,2010,57.4,Developing
Togo,2009,56.7,Developing
Togo,2008,56.2,Developing
Togo,2007,55.9,Developing
Togo,2006,55.7,Developing
Togo,2005,55.0,Developing
Togo,2004,54.9,Developing
Togo,2003,54.7,Developing
Togo,2002,54.7,Developing
Togo,2001,54.6,Developing
Togo,2000,54.6,Developing
Tonga,2015,73.5,Developing
Tonga,2014,73.3,Developing
Tonga,2013,73.2,Developing
Tonga,2012,73.0,Developing
Tonga,2011,72.9,Developing
Tonga,2010,72.8,Developing
Tonga,2009,72.5,Developing
Tonga,2008,72.6,Developing
Tonga,2007,72.5,Developing
Tonga,2006,72.4,Developing
Tonga,2005,72.3,Developing
Tonga,2004,72.2,Developing
Tonga,2003,72.0,Developing
Tonga,2002,71.9,Developing
Tonga,2001,71.8,Developing
Tonga,2000,71.6,Developing
Trinidad and Tobago,2015,71.2,Developing
Trinidad and Tobago,2014,71.1,Developing
Trinidad and Tobago,2013,71.0,Developing
Trinidad and Tobago,2012,78.0,Developing
Trinidad and Tobago,2011,76.0,Developing
Trinidad and Tobago,2010,74.0,Developing
Trinidad and Tobago,2009,71.0,Developing
Trinidad and Tobago,2008,69.9,Developing
Trinidad and Tobago,2007,69.7,Developing
Trinidad and Tobago,2006,69.6,Developing
Trinidad and Tobago,2005,69.5,Developing
Trinidad and Tobago,2004,69.4,Developing
Trinidad and Tobago,2003,69.3,Developing
Trinidad and Tobago,2002,69.2,Developing
Trinidad and Tobago,2001,69.1,Developing
Trinidad and Tobago,2000,69.1,Developing
Tunisia,2015,75.3,Developing
Tunisia,2014,75.1,Developing
Tunisia,2013,74.9,Developing
Tunisia,2012,74.9,Developing
Tunisia,2011,74.8,Developing
Tunisia,2010,74.8,Developing
Tunisia,2009,74.7,Developing
Tunisia,2008,74.7,Developing
Tunisia,2007,74.6,Developing
Tunisia,2006,74.4,Developing
Tunisia,2005,74.2,Developing
Tunisia,2004,74.0,Developing
Tunisia,2003,73.7,Developing
Tunisia,2002,73.5,Developing
Tunisia,2001,73.2,Developing
Tunisia,2000,72.9,Developing
Turkey,2015,75.8,Developing
Turkey,2014,75.5,Developing
Turkey,2013,75.2,Developing
Turkey,2012,74.8,Developing
Turkey,2011,74.5,Developing
Turkey,2010,74.2,Developing
Turkey,2009,73.9,Developing
Turkey,2008,73.5,Developing
Turkey,2007,73.2,Developing
Turkey,2006,72.8,Developing
Turkey,2005,72.4,Developing
Turkey,2004,72.0,Developing
Turkey,2003,71.6,Developing
Turkey,2002,71.2,Developing
Turkey,2001,78.0,Developing
Turkey,2000,74.0,Developing
Turkmenistan,2015,66.3,Developing
Turkmenistan,2014,66.0,Developing
Turkmenistan,2013,65.4,Developing
Turkmenistan,2012,65.6,Developing
Turkmenistan,2011,65.6,Developing
Turkmenistan,2010,65.8,Developing
Turkmenistan,2009,65.6,Developing
Turkmenistan,2008,64.5,Developing
Turkmenistan,2007,64.1,Developing
Turkmenistan,2006,63.7,Developing
Turkmenistan,2005,63.3,Developing
Turkmenistan,2004,63.5,Developing
Turkmenistan,2003,63.4,Developing
Turkmenistan,2002,63.3,Developing
Turkmenistan,2001,64.0,Developing
Turkmenistan,2000,63.8,Developing
Uganda,2015,62.3,Developing
Uganda,2014,61.5,Developing
Uganda,2013,67.0,Developing
Uganda,2012,60.0,Developing
Uganda,2011,59.3,Developing
Uganda,2010,58.4,Developing
Uganda,2009,57.5,Developing
Uganda,2008,56.3,Developing
Uganda,2007,55.5,Developing
Uganda,2006,54.9,Developing
Uganda,2005,53.2,Developing
Uganda,2004,51.3,Developing
Uganda,2003,51.0,Developing
Uganda,2002,48.8,Developing
Uganda,2001,47.7,Developing
Uganda,2000,46.6,Developing
Ukraine,2015,71.3,Developing
Ukraine,2014,78.0,Developing
Ukraine,2013,71.0,Developing
Ukraine,2012,77.0,Developing
Ukraine,2011,75.0,Developing
Ukraine,2010,69.8,Developing
Ukraine,2009,69.2,Developing
Ukraine,2008,67.7,Developing
Ukraine,2007,67.5,Developing
Ukraine,2006,67.7,Developing
Ukraine,2005,67.0,Developing
Ukraine,2004,67.4,Developing
Ukraine,2003,67.6,Developing
Ukraine,2002,67.6,Developing
Ukraine,2001,67.7,Developing
Ukraine,2000,67.5,Developing
United Arab Emirates,2015,77.1,Developing
United Arab Emirates,2014,76.9,Developing
United Arab Emirates,2013,76.7,Developing
United Arab Emirates,2012,76.5,Developing
United Arab Emirates,2011,76.3,Developing
United Arab Emirates,2010,76.2,Developing
United Arab Emirates,2009,76.0,Developing
United Arab Emirates,2008,75.8,Developing
United Arab Emirates,2007,75.6,Developing
United Arab Emirates,2006,75.4,Developing
United Arab Emirates,2005,75.3,Developing
United Arab Emirates,2004,75.1,Developing
United Arab Emirates,2003,74.9,Developing
United Arab Emirates,2002,74.7,Developing
United Arab Emirates,2001,74.5,Developing
United Arab Emirates,2000,74.2,Developing
United Kingdom of Great Britain and Northern Ireland,2015,81.2,Developed
United Kingdom of Great Britain and Northern Ireland,2014,81.0,Developed
United Kingdom of Great Britain and Northern Ireland,2013,87.0,Developed
United Kingdom of Great Britain and Northern Ireland,2012,86.0,Developed
United Kingdom of Great Britain and Northern Ireland,2011,86.0,Developed
United Kingdom of Great Britain and Northern Ireland,2010,82.0,Developed
United Kingdom of Great Britain and Northern Ireland,2009,81.0,Developed
United Kingdom of Great Britain and Northern Ireland,2008,79.6,Developed
United Kingdom of Great Britain and Northern Ireland,2007,79.5,Developed
United Kingdom of Great Britain and Northern Ireland,2006,79.3,Developed
United Kingdom of Great Britain and Northern Ireland,2005,79.0,Developed
United Kingdom of Great Britain and Northern Ireland,2004,78.8,Developed
United Kingdom of Great Britain and Northern Ireland,2003,78.3,Developed
United Kingdom of Great Britain and Northern Ireland,2002,78.2,Developed
United Kingdom of Great Britain and Northern Ireland,2001,78.0,Developed
United Kingdom of Great Britain and Northern Ireland,2000,77.8,Developed
United Republic of Tanzania,2015,61.8,Developing
United Republic of Tanzania,2014,67.0,Developing
United Republic of Tanzania,2013,59.7,Developing
United Republic of Tanzania,2012,58.6,Developing
United Republic of Tanzania,2011,58.3,Developing
United Republic of Tanzania,2010,57.5,Developing
United Republic of Tanzania,2009,56.9,Developing
United Republic of Tanzania,2008,56.2,Developing
United Republic of Tanzania,2007,54.5,Developing
United Republic of Tanzania,2006,53.1,Developing
United Republic of Tanzania,2005,52.2,Developing
United Republic of Tanzania,2004,51.5,Developing
United Republic of Tanzania,2003,58.0,Developing
United Republic of Tanzania,2002,52.0,Developing
United Republic of Tanzania,2001,49.6,Developing
United Republic of Tanzania,2000,49.2,Developing
United States of America,2015,79.3,Developed
United States of America,2014,79.1,Developed
United States of America,2013,78.9,Developed
United States of America,2012,78.8,Developed
United States of America,2011,78.7,Developed
United States of America,2010,78.7,Developed
United States of America,2009,78.5,Developed
United States of America,2008,78.2,Developed
United States of America,2007,78.1,Developed
United States of America,2006,77.8,Developed
United States of America,2005,77.5,Developed
United States of America,2004,77.5,Developed
United States of America,2003,77.2,Developed
United States of America,2002,77.0,Developed
United States of America,2001,76.9,Developed
United States of America,2000,76.8,Developed
Uruguay,2015,77.0,Developing
Uruguay,2014,76.8,Developing
Uruguay,2013,76.8,Developing
Uruguay,2012,76.5,Developing
Uruguay,2011,77.0,Developing
Uruguay,2010,76.3,Developing
Uruguay,2009,76.6,Developing
Uruguay,2008,76.4,Developing
Uruguay,2007,75.4,Developing
Uruguay,2006,76.2,Developing
Uruguay,2005,75.7,Developing
Uruguay,2004,75.4,Developing
Uruguay,2003,75.4,Developing
Uruguay,2002,75.4,Developing
Uruguay,2001,75.2,Developing
Uruguay,2000,75.1,Developing
Uzbekistan,2015,69.4,Developing
Uzbekistan,2014,69.2,Developing
Uzbekistan,2013,69.1,Developing
Uzbekistan,2012,68.8,Developing
Uzbekistan,2011,68.5,Developing
Uzbekistan,2010,68.3,Developing
Uzbekistan,2009,68.0,Developing
Uzbekistan,2008,67.9,Developing
Uzbekistan,2007,67.8,Developing
Uzbekistan,2006,67.6,Developing
Uzbekistan,2005,67.3,Developing
Uzbekistan,2004,67.8,Developing
Uzbekistan,2003,67.2,Developing
Uzbekistan,2002,67.1,Developing
Uzbekistan,2001,67.4,Developing
Uzbekistan,2000,67.1,Developing
Vanuatu,2015,72.0,Developing
Vanuatu,2014,71.7,Developing
Vanuatu,2013,71.6,Developing
Vanuatu,2012,71.4,Developing
Vanuatu,2011,71.2,Developing
Vanuatu,2010,71.0,Developing
Vanuatu,2009,78.0,Developing
Vanuatu,2008,75.0,Developing
Vanuatu,2007,73.0,Developing
Vanuatu,2006,71.0,Developing
Vanuatu,2005,69.9,Developing
Vanuatu,2004,69.6,Developing
Vanuatu,2003,69.4,Developing
Vanuatu,2002,69.3,Developing
Vanuatu,2001,69.1,Developing
Vanuatu,2000,69.0,Developing
Venezuela (Bolivarian Republic of),2015,74.1,Developing
Venezuela (Bolivarian Republic of),2014,73.9,Developing
Venezuela (Bolivarian Republic of),2013,73.8,Developing
Venezuela (Bolivarian Republic of),2012,73.7,Developing
Venezuela (Bolivarian Republic of),2011,73.8,Developing
Venezuela (Bolivarian Republic of),2010,73.7,Developing
Venezuela (Bolivarian Republic of),2009,73.6,Developing
Venezuela (Bolivarian Republic of),2008,73.2,Developing
Venezuela (Bolivarian Republic of),2007,73.4,Developing
Venezuela (Bolivarian Republic of),2006,73.6,Developing
Venezuela (Bolivarian Republic of),2005,73.6,Developing
Venezuela (Bolivarian Republic of),2004,73.3,Developing
Venezuela (Bolivarian Republic of),2003,72.4,Developing
Venezuela (Bolivarian Republic of),2002,73.1,Developing
Venezuela (Bolivarian Republic of),2001,72.5,Developing
Venezuela (Bolivarian Republic of),2000,72.5,Developing
Viet Nam,2015,76.0,Developing
Viet Nam,2014,75.9,Developing
Viet Nam,2013,75.7,Developing
Viet Nam,2012,75.6,Developing
Viet Nam,2011,75.4,Developing
Viet Nam,2010,75.2,Developing
Viet Nam,2009,75.0,Developing
Viet Nam,2008,74.9,Developing
Viet Nam,2007,74.7,Developing
Viet Nam,2006,74.6,Developing
Viet Nam,2005,74.4,Developing
Viet Nam,2004,74.2,Developing
Viet Nam,2003,74.0,Developing
Viet Nam,2002,73.8,Developing
Viet Nam,2001,73.6,Developing
Viet Nam,2000,73.4,Developing
Yemen,2015,65.7,Developing
Yemen,2014,65.4,Developing
Yemen,2013,65.4,Developing
Yemen,2012,64.7,Developing
Yemen,2011,64.6,Developing
Yemen,2010,64.4,Developing
Yemen,2009,64.1,Developing
Yemen,2008,63.8,Developing
Yemen,2007,63.4,Developing
Yemen,2006,63.0,Developing
Yemen,2005,62.6,Developing
Yemen,2004,62.2,Developing
Yemen,2003,61.9,Developing
Yemen,2002,61.5,Developing
Yemen,2001,61.1,Developing
Yemen,2000,68.0,Developing
Zambia,2015,61.8,Developing
Zambia,2014,61.1,Developing
Zambia,2013,63.0,Developing
Zambia,2012,59.2,Developing
Zambia,2011,58.2,Developing
Zambia,2010,58.0,Developing
Zambia,2009,57.4,Developing
Zambia,2008,55.7,Developing
Zambia,2007,52.6,Developing
Zambia,2006,58.0,Developing
Zambia,2005,49.3,Developing
Zambia,2004,47.9,Developing
Zambia,2003,46.4,Developing
Zambia,2002,45.5,Developing
Zambia,2001,44.6,Developing
Zambia,2000,43.8,Developing
Zimbabwe,2015,67.0,Developing
Zimbabwe,2014,59.2,Developing
Zimbabwe,2013,58.0,Developing
Zimbabwe,2012,56.6,Developing
Zimbabwe,2011,54.9,Developing
Zimbabwe,2010,52.4,Developing
Zimbabwe,2009,50.0,Developing
Zimbabwe,2008,48.2,Developing
Zimbabwe,2007,46.6,Developing
Zimbabwe,2006,45.4,Developing
Zimbabwe,2005,44.6,Developing
Zimbabwe,2004,44.3,Developing
Zimbabwe,2003,44.5,Developing
Zimbabwe,2002,44.8,Developing
Zimbabwe,2001,45.3,Developing
Zimbabwe,2000,46.0,Developing
